y	distance_to_prime	q0	q1	q2	q3	q4	q5	q6	q7
0.010019333427584128	0.68312784713236119	1.9989107103933981	1.9968840426886423	1.9951574976103155	1.9936384529757243	1.9917779041514063	1.987730871464394	1.980639508595019	1.9772657009135255
0.020038666855168256	0.67310851370477709	1.9956462338207939	1.9875515781525381	1.9806656084691694	1.974616505412754	1.9672245150123131	1.951179428567581	1.9230964831175237	1.9097751071168738
0.030058000282752385	0.66308918027719288	1.9902167302589728	1.972048726633242	1.9566308711800071	1.9431214781191757	1.9266764980465061	1.8911069475632618	1.8289697390436381	1.7996405098050541
0.040077333710336512	0.65306984684960878	1.9826390772307223	1.9504520162007031	1.9232298018710128	1.8994630516377602	1.870688242209914	1.8087605717995463	1.7008694104919024	1.6503012658037814
0.050096667137920638	0.64305051342202468	1.9729367865342042	1.922867877192282	1.8807073336977531	1.8440695254143851	1.8000219384689939	1.7058414922751448	1.5423369977141725	1.4664053388727285
0.060116000565504771	0.63303117999444058	1.9611398884351099	1.8894319402726203	1.8293746556195707	1.7774826605651115	1.715634002860541	1.5844616915010019	1.3577371345547302	1.2536497831852524
0.070135333993088897	0.62301184656685638	1.9472847840849909	1.8503081438883362	1.7696064735397943	1.7003511842857308	1.6186581472013326	1.4470904929001207	1.1521246185523886	1.0185861694426652
0.080154667420673023	0.61299251313927228	1.9314140671364701	1.8056876584404751	1.7018377229580608	1.6134230536013916	1.5103854731743347	1.2964924449940596	0.9310910394464077	0.76839822198619234
0.090174000848257149	0.60297317971168818	1.9135763157253691	1.7557876359727695	1.6265597679503092	1.5175365939137055	1.3922420282283423	1.1356583089189465	0.70059598256269229	0.51065989876599061
0.10019333427584128	0.59295384628410408	1.8938258561795733	1.7008497955606849	1.5443161264957328	1.4136106433436884	1.265764312948586	0.96773110219740022	0.46678825065805302	0.25308276916074635
0.1102126677034254	0.58293451285651987	1.8722224999931587	1.6411388558715445	1.4556977668457223	1.3026338469194876	1.1325732680456595	0.79592927582168793	0.23582282671296445	0.0032618076067510385
0.12023200113100954	0.57291517942893577	1.8488312557705424	1.5769408275377408	1.3613380237221848	1.1856532550058543	0.99434729400185662	0.62346916224221161	0.013679383442471299	-0.23157137928339841
0.13025133455859367	0.56289584600135167	1.8237220179979219	1.5085611790324467	1.2619071865961651	1.0637623878690288	0.85279486723639064	0.45348882756593017	-0.19401196722011319	-0.44477932461373459
0.14027066798617779	0.55287651257376758	1.7969692346368764	1.4363228906512711	1.1581068150974483	0.938088932833546	0.70962731333816198	0.28897539302512965	-0.38213229274800775	-0.63052567610574928
0.15029000141376192	0.54285717914618337	1.7686515556567508	1.3605644119764118	1.0506638387177898	0.80978224210064531	0.56653228080282081	0.13269776150281737	-0.54621791132339492	-0.78395162890494841
0.16030933484134605	0.53283784571859927	1.738851464727466	1.2816375388262333	0.94032449938153995	0.6800007980114614	0.42514842852196433	-0.012853500557811004	-0.68258263235955818	-0.90131634882565204
0.17032866826893017	0.52281851229101517	1.7076548963820231	1.1999052261687244	0.82784819616568084	0.54989980846491038	0.28704179808683095	-0.14551761060499879	-0.78841464549536899	-0.98009736249730017
0.1803480016965143	0.51279917886343096	1.675150841027689	1.1157393537995812	0.71400129146522429	0.42061908851154556	0.1536842891872279	-0.26350510817622891	-0.86184540202219606	-1.019048436164302
0.19036733512409842	0.50277984543584686	1.6414309402362894	1.0295184617540472	0.5995509372382517	0.29327137506467571	0.026434594681439886	-0.36542855420712167	-0.90198876787639104	-1.0182140454234831
0.20038666855168255	0.49276051200826276	1.6065890747770346	0.94162547243715133	0.48525897865572465	0.16893121046813353	-0.093478116825383942	-0.45032179305539055	-0.90894969990881791	-0.97890108986026747
0.21040600197926668	0.48274117858067861	1.5707209478698287	0.8524454163222247	0.37187599056125514	0.048624517642934614	-0.20496755678167042	-0.51764752175552353	-0.88380267379949751	-0.90360997017402012
0.2204253354068508	0.47272184515309451	1.5339236661332214	0.76236317778674945	0.26013549965953442	-0.066681024962388341	-0.30710057332824292	-0.56729325486672622	-0.82854104033800058	-0.79592846911602477
0.23044466883443493	0.46270251172551036	1.4962953206793426	0.6717612772333067	0.15074844234974888	-0.17608471601700071	-0.3991042484888857	-0.5995561075196405	-0.74599937651300174	-0.66039301877731327
0.24046400226201908	0.45268317829792626	1.4579345707687872	0.58101770508859074	0.044397904657990622	-0.27876059533541958	-0.48036985143368693	-0.6151171338980943	-0.63975170165204043	-0.5023228633170137
0.25048333568960318	0.4426638448703421	1.4189402323820857	0.49050382259330405	-0.058265813139692119	-0.37396417986335623	-0.55045373567043532	-0.61500624423747252	-0.51398912326529045	-0.3276333170652358
0.26050266911718734	0.43264451144275801	1.3794108739918367	0.40058234349945721	-0.15662976881169252	-0.46103812903477021	-0.60907533501090805	-0.60055897241088552	-0.37338104326801302	-0.14263476309033146
0.27052200254477143	0.42262517801517385	1.3394444217316694	0.31160540988930158	-0.25012255346371592	-0.53941681346435844	-0.65611247314799304	-0.5733665715640246	-0.22292447875004884	0.046175762705831097
0.28054133597235559	0.41260584458758975	1.2991377760559177	0.22391277433272791	-0.33821804059281663	-0.60862977689644138	-0.69159425325961787	-0.53522107180545797	-0.067786323384598182	0.23232359219158735
0.29056066939993969	0.4025865111600056	1.2585864418683039	0.13783009951899294	-0.42043868449203159	-0.66830409641793675	-0.71569183610788067	-0.48805703803811878	0.08685650799571791	0.40955949320083235
0.30058000282752384	0.3925671777324215	1.2178841739702411	0.053667385346067374	-0.49635834850503668	-0.71816565992267023	-0.72870744682142885	-0.43389181569423918	0.23597414711586689	0.57205067407535437
0.31059933625510794	0.38254784430483735	1.177122639540793	-0.028282467760965897	-0.5656046485644548	-0.75803939249214403	-0.73106197145935714	-0.37476604717393835	0.3748333343887022	0.71455422369959198
0.32061866968269209	0.37252851087725325	1.1363910992122284	-0.10774495178973173	-0.62786080235034869	-0.78784847458498108	-0.72328151441237343	-0.31268618361079659	0.49913508288960673	0.83256822971494848
0.33063800311027625	0.3625091774496691	1.0957761081488078	-0.18446509411890166	-0.68286697922571904	-0.80761260460137407	-0.70598328688642253	-0.24957060819102275	0.60513650179997325	0.92245666187578246
0.34065733653786034	0.35248984402208494	1.0553612383733879	-0.25820844563032075	-0.73042115079686909	-0.81744536645459831	-0.67986118563302445	-0.18720083307024199	0.68975339509612588	0.9815450205084999
0.3506766699654445	0.34247051059450084	1.0152268234180084	-0.32876191037491637	-0.77037944646668721	-0.81755076922903691	-0.64567140052584615	-0.12717903766601682	0.75064089792999045	1.0081847013342764
0.3606960033930286	0.33245117716691669	0.97544972620232506	-0.39593441453501332	-0.80265602266186009	-0.80821903086599733	-0.60421836057787637	-0.070892988523992853	0.78625012703754171	1.0017849895365767
0.37071533682061275	0.32243184373933259	0.93610313086896368	-0.4595574137347867	-0.82722245848967713	-0.789821681166609	-0.55634129180925551	-0.019489127669721842	0.7958595801292585	0.96281254290489748
0.38073467024819685	0.31241251031174844	0.89725635912905766	-0.51948523903525656	-0.84410669439053432	-0.76280606134109075	-0.50290161844693904	0.026145654429106754	0.77958079952553483	0.89275913439697718
0.390754003675781	0.30239317688416434	0.85897471149575866	-0.57559528320013864	-0.85339153387764533	-0.7276892979999845	-0.44477139282335099	0.065393324908982156	0.73833859433418259	0.79407927996054162
0.4007733371033651	0.29237384345658018	0.82131933360976561	-0.62778803002433547	-0.85521273167968404	-0.68505182903212103	-0.38282289067516317	0.097905137255767313	0.67382687091621052	0.67010016233600123
0.41079267053094926	0.28235451002899609	0.78434710769018512	-0.67598693066891158	-0.84975669451335611	-0.63553055741828057	-0.31791945898010648	0.12359349837938541	0.58844183213079282	0.52490696281764826
0.42081200395853335	0.27233517660141193	0.74811056897759576	-0.72013813203681765	-0.83725782330339282	-0.57981170686974159	-0.25090765463430781	0.1426158454118531	0.48519495245086269	0.36320731975248349
0.43083133738611751	0.26231584317382783	0.71265784687520606	-0.76021006324495943	-0.81799552793278352	-0.51862345044025593	-0.18261066571097773	0.15535133580188937	0.36760870117242556	0.19017913583389656
0.44085067081370161	0.25229650974624368	0.67803263033959016	-0.79619288719380499	-0.79229094754480256	-0.4527283801171223	-0.11382296417433191	0.16237135631121827	0.23959845477561292	0.011306348355799323
0.45087000424128576	0.24227717631865955	0.64427415692569368	-0.82809782509976004	-0.76050341103156571	-0.3829158820202172	-0.045306101005519704	0.16440502285867567	0.10534440002770158	-0.16779244890609557
0.46088933766886986	0.23225784289107543	0.61141722475254512	-0.85595636263301378	-0.72302667363451745	-0.3099944783795377	0.022214477215813773	0.16230096943076938	-0.030842527270591051	-0.34153749191134697
0.47090867109645401	0.2222385094634913	0.57949222652725352	-0.87981934699030573	-0.6802849665549705	-0.23478419405408057	0.088051736314866735	0.1569868073806073	-0.1646565025321248	-0.50455837570406192
0.48092800452403817	0.21221917603590718	0.54852520464615506	-0.89975598482474994	-0.63272889713334413	-0.15810900210574411	0.15155865083030653	0.14942767462044074	-0.29193031084902793	-0.65185666664085407
0.49094733795162226	0.20219984260832305	0.51853792628403828	-0.91585275145096956	-0.5808312375106538	-0.080789399932694156	0.21212926231092655	0.1405852871102635	-0.40876245125502442	-0.77895587191073024
0.50096667137920636	0.19218050918073892	0.48954797728577248	-0.92821222214165588	-0.52508263974224667	-0.0036351647503035074	0.26919937548103468	0.13137885366846092	-0.51163406171815318	-0.88203440350258278
0.51098600480679057	0.1821611757531548	0.46156887358981824	-0.9369518366303895	-0.4659873150993214	0.072561665191402142	0.32224706280393972	0.12264912182610799	-0.59751223802113052	-0.95803765976813282
0.52100533823437467	0.17214184232557067	0.43461018884033698	-0.9422026081350523	-0.40405871477626765	0.14703353935080193	0.37079313553704818	0.11512669080889637	-0.66393677745406832	-1.0047659487140546
0.53102467166195877	0.16212250889798654	0.40867769678416044	-0.94410778831712172	-0.33981524842945482	0.21904383109841905	0.41440172054615282	0.10940556248309116	-0.70908792132052056	-1.0209356810713006
0.54104400508954287	0.15210317547040242	0.3837735270008365	-0.94282149959600536	-0.27377607591424874	0.28789292045629727	0.45268105782767293	0.10592270794259018	-0.73183328186328844	-1.0062120519447759
0.55106333851712708	0.14208384204281829	0.35989633247834174	-0.93850734614653719	-0.20645700627065172	0.35292388386923185	0.48528460494286341	0.10494421283388966	-0.73175280048062585	-0.96121228733859332
0.56108267194471118	0.13206450861523417	0.33704146752374764	-0.93133701472472874	-0.13836653644356339	0.41352775286301152	0.51191250259625987	0.10655833559202318	-0.70914127459804566	-0.88747943222355818
0.57110200537229527	0.12204517518765003	0.31520117448694362	-0.92148887619541797	-0.070002060421594445	0.46914830484424153	0.53231342168109852	0.11067557693404979	-0.66498868890006857	-0.78742757299045985
0.58112133879987937	0.1120258417600659	0.29436477777616482	-0.90914659827986466	-0.0018462774500568402	0.51928635084550667	0.54628677760280964	0.117035623797172	-0.60093927111935652	-0.6642602896349814
0.59114067222746358	0.10200650833248177	0.27451888365615928	-0.89449777960646815	0.065636174268056527	0.56350348682909246	0.55368526391512662	0.12522080387708429	-0.51923084191699909	-0.52186499101750805
0.60116000565504768	0.091987174904897648	0.25564758434288326	-0.87773261463910857	0.13200183441026697	0.60142527733858475	0.55441762555621887	0.13467547513714867	-0.42261662233035135	-0.36468656911016756
0.61117933908263178	0.081967841477313508	0.2377326649420867	-0.85904259848116915	0.19683126656314065	0.63274384292753427	0.54845156346355284	0.14473058467400168	-0.31427218232826237	-0.19758448565740397
0.62119867251021588	0.071948508049729382	0.22075381182241108	-0.8386192799156118	0.25973161488115359	0.6572198259810641	0.53581663816032621	0.15463246892518215	-0.19769064409838552	-0.025677950249545414
0.63121800593780009	0.061929174622145255	0.20468882106598293	-0.81665307034953494	0.32033885574921406	0.67468371334455257	0.51660702096834099	0.1635748372276041	-0.076569580649178126	0.14581576029554255
0.64123733936538418	0.051909841194561129	0.18951380570018944	-0.79333211559284389	0.37831973187733769	0.68503649862616312	0.4909839285485661	0.1707327869271264	0.045306735586830266	0.31174457243796239
0.65125667279296828	0.041890507766977003	0.17520340048257085	-0.76884123662271975	0.43337335940805194	0.68824967216507527	0.45917757002649195	0.17529764314053423	0.16418598416422786	0.46718117139806997
0.66127600622055249	0.031871174339392877	0.16173096308570717	-0.74336094467649794	0.48523250183889799	0.68436453244617557	0.4214884363228566	0.17651140114994163	0.27646362353355847	0.60757368696457226
0.67129533964813659	0.021851840911808747	0.14906877060973936	-0.71706653518354824	0.53366450782458474	0.67349081915842313	0.37828776854451218	0.17369957423304438	0.37879231305717054	0.72888268749570273
0.68131467307572069	0.01183250748422462	0.13718821043583893	-0.69012726420012249	0.57847191319471813	0.65580467507414009	0.3300170562228652	0.16630131318291919	0.46818160643534845	0.82770016297044413
0.69133400650330479	0.0018131740566404912	0.12605996452360754	-0.6627056101582588	0.61949271077077073	0.63154595137947889	0.27718643641824309	0.15389576330379734	0.54208495226445363	0.90134683233612278
0.701353339930889	0.0082061593709436362	0.11565418634812218	-0.63495662288904453	0.65660029475605053	0.60101487889688232	0.22037189062427937	0.13622375661230637	0.59847148637199499	0.94794489062612475
0.7113726733584731	0.018225492798527764	0.10594066976721447	-0.60702736104003396	0.68970308957012205	0.56456813567121633	0.16021116720185322	0.11320409666241614	0.63588062290879488	0.96646418648929278
0.72139200678605719	0.028244826226111894	0.096889009205675239	-0.57905641818439635	0.71874387596942713	0.52261434948679819	0.09739839177801371	0.084943875356165779	0.653458028570859	0.95674075609610632
0.73141134021364129	0.03826415965369602	0.088468750639509042	-0.55117353712311556	0.7436988301041213	0.47560908187324508	0.032677365560884811	0.051742459176440263	0.65097217684740982	0.91946759785539767
0.7414306736412255	0.048283493081280146	0.080649532959266537	-0.52349931111858627	0.76457629377371272	0.4240493478652021	-0.033166409349043753	0.014088989933563723	0.62881130609201974	0.85615851652724839
0.7514500070688096	0.058302826508864279	0.073401219386021677	-0.4961449700750919	0.78141529652889641	0.36846773302202274	-0.099314899079259611	-0.027346544398738473	0.58796122566730524	0.76908675902231927
0.7614693404963937	0.068322159936448398	0.066694018705953734	-0.46921224900519731	0.79428385239418797	0.3094261758073269	-0.16492778437850419	-0.07172840660444546	0.52996500827418014	0.66120097432055625
0.7714886739239778	0.078341493364032538	0.060498596179001919	-0.44279333549671601	0.80327705582861386	0.24750948920110052	-0.22915363068419592	-0.11807591657496075	0.45686615507659062	0.5360217279117
0.78150800735156201	0.088360826791616665	0.054786174063006218	-0.41697089232760615	0.80851500307631485	0.18331870020708599	-0.29114179514903055	-0.16528932904270921	0.37113730661033811	0.39752236405441843
0.7915273407791461	0.098380160219200791	0.049528621776513654	-0.39181815087015565	0.81014056626594766	0.11746428958160293	-0.35005485519550267	-0.2121799868239892	0.27559698249460279	0.2499984206374064
0.8015466742067302	0.10839949364678492	0.044698535800464435	-0.36739907048458442	0.80831704848224428	0.050559416524697344	-0.40508131979230205	-0.25750382239238928	0.17331715537253156	0.097930052214206517
0.81156600763431441	0.11841882707436904	0.040269309490796865	-0.34376855872835071	0.80322574854484852	-0.016786785855175592	-0.45544836739200001	-0.29999717954604932	0.067524691256044184	-0.054157995300531191
0.82158534106189851	0.12843816050195317	0.036215193040216968	-0.32097274690276772	0.79506346438369269	-0.083975758832295994	-0.50043434392804165	-0.33841385882357983	-0.038500185105113577	-0.20183438511340651
0.83160467448948261	0.1384574939295373	0.032511343887635928	-0.2990493152239207	0.78403996369714568	-0.15042582642600408	-0.53938075083091819	-0.37156225678934185	-0.14152521630033155	-0.34089290985313686
0.84162400791706671	0.14847682735712142	0.029133867927830313	-0.27802786174036359	0.77037545002492713	-0.21557818338210191	-0.57170345686542301	-0.39834147086931687	-0.23846412079736123	-0.4674740256335474
0.85164334134465092	0.15849616078470555	0.026059851921547184	-0.25793030902485004	0.7542980514737625	-0.27890248696739528	-0.59690287867309566	-0.41777527749974491	-0.32646834378688522	-0.57817275462039819
0.86166267477223502	0.16851549421228967	0.023267387547453368	-0.23877134263976424	0.73604135811670246	-0.33990198276458428	-0.61457289297236017	-0.42904296032746281	-0.40300986532410088	-0.67013006036173983
0.87168200819981911	0.1785348276398738	0.0207355875719855	-0.22055887541353325	0.71584203256878798	-0.39811810189576247	-0.6244082679649694	-0.43150606447384948	-0.46595271187347276	-0.74110541414611253
0.88170134162740321	0.18855416106745793	0.018444594641334206	-0.20329453166492673	0.69393751644883583	-0.45313447546242469	-0.62621043197357462	-0.42473027897210908	-0.51361121213309457	-0.78952892470135216
0.89172067505498742	0.19857349449504208	0.016375583221599332	-0.18697414566993226	0.67056385340033797	-0.50458032131159825	-0.61989143287579007	-0.40850179819367255	-0.5447934826532923	-0.81453207410161665
0.90174000848257152	0.19687228018553818	0.014510755228754432	-0.17158826887734363	0.64595364709825542	-0.55213316834154669	-0.6054759815466717	-0.38283767957706627	-0.55882910849433787	-0.81595676809911311
0.91175934191015562	0.18685294675795405	0.012833329899685988	-0.15712268063931362	0.62033417025033899	-0.5955208942475041	-0.58310151520265507	-0.34798989400347147	-0.55558048371157154	-0.79434305003550187
0.92177867533773972	0.17683361333036993	0.011327528459508397	-0.14355889752643919	0.59392563805132081	-0.63452306366503819	-0.55301626110352742	-0.30444295119458858	-0.53543778049543522	-0.75089642774628829
0.93179800876532393	0.1668142799027858	0.0099785541389279791	-0.13087467663765501	0.56693965690727965	-0.66897156487408971	-0.5155753263162598	-0.25290516990291956	-0.49929800940459113	-0.68743630928776289
0.94181734219290802	0.15679494647520167	0.0087725680890078008	-0.11904450868723773	0.53957785655783141	-0.6987505543553939	-0.47123488396541202	-0.19429384584838524	-0.4485291021710735	-0.60632752577939608
0.95183667562049212	0.14677561304761755	0.0076966617296733188	-0.10804009704833382	0.51203071102766773	-0.72379572932002278	-0.42054456940268764	-0.12971474397983637	-0.3849203800114076	-0.51039733085971961
0.96185600904807633	0.13675627962003342	0.0067388260531277616	-0.097830819348324119	0.48447655117766708	-0.74409295864714453	-0.36413823989352118	-0.060436500733524655	-0.31062115264872742	-0.40284060132006633
0.97187534247566043	0.1267369461924493	0.0058879183844669485	-0.088384168639759939	0.45708076903905914	-0.75967631226269117	-0.30272328770041035	0.012139337935728821	-0.22806951639977729	-0.28711621949771343
0.98189467590324453	0.11671761276486517	0.0051336270796610685	-0.079666171605416183	0.42999521163934556	-0.77062553768820052	-0.23706872791719599	0.086511799687263372	-0.13991367562128992	-0.16683779357174605
0.99191400933082863	0.10669827933728103	0.004466434616177864	-0.071641781691279618	0.40335775970029514	-0.7770630401225479	-0.16799230829353887	0.16111655565071448	-0.048928294454695688	-0.045661966689890698
1.0019333427584127	0.096678945909696903	0.0038775795043303192	-0.064275245491403191	0.37729208443719542	-0.77915042885334929	-0.096346907964284911	0.23436357938477015	0.042071508832279073	0.072822419698680849
1.0119526761859969	0.086659612482112777	0.0033590174184096157	-0.057530441128250856	0.35190757374143189	-0.77708469792206281	-0.023006505021316268	0.30467536375917575	0.13031588636467145	0.18520110781800353
1.0219720096135811	0.076640279054528651	0.0029033819162666932	-0.05137118777661711	0.32729941730766265	-0.77109411271083184	0.051148001019897929	0.37052466117921495	0.21316311802488022	0.28833409306672292
1.0319913430411651	0.066620945626944525	0.0025039450846728057	-0.045761525864097506	0.30354883878985484	-0.76143387643584814	0.12524282666465014	0.43047073897081745	0.28817714444983367	0.37944534166064381
1.0420106764687493	0.056601612199360399	0.0021545784159393922	-0.04066596784262206	0.28072346184974817	-0.74838165141029123	0.19842492430373831	0.48319319671666677	0.3531975189413446	0.45620000815367756
1.0520300098963333	0.046582278771776266	0.0018497141893034253	-0.036049719760513466	0.25887779600434679	-0.73223300940100422	0.26987492124783818	0.52752247382855133	0.40639978719294984	0.51676696431454283
1.0620493433239175	0.03656294534419214	0.0015843075988505604	-0.031878874170263326	0.23805382748819945	-0.71329688349960063	0.33881913497394939	0.56246628085408068	0.44634462609988923	0.55986487357139036
1.0720686767515017	0.026543611916608013	0.001353799838587488	-0.028120575181695584	0.21828169991899718	-0.69189109074251298	0.40454044733511901	0.58723131347902369	0.47201444200782566	0.58479052347500038
1.0820880101790857	0.016524278489023884	0.0011540823249856923	-0.024743156711971553	0.19958046938422111	-0.66833799035404928	0.46638785083625556	0.60123974987872919	0.48283653317548503	0.59142865271944567
1.0921073436066699	0.0065049450614397576	0.00098146220816470162	-0.021716255192136911	0.18195891864069066	-0.6429603370835022	0.52378451419022021	0.60414018554434579	0.47869234849528791	0.58024306720110652
1.1021266770342542	0.0035143883661443703	0.00083262929509082459	-0.019010898164335856	0.16541641542247226	-0.61607738281280622	0.57623425127321015	0.59581282022295234	0.45991281140415147	0.55224941703480324
1.1121460104618381	0.013533721793728498	0.00070462448192757786	-0.016599570344675001	0.1499438003668401	-0.58800127259132728	0.62332631627638357	0.57636887428295247	0.42726011082150478	0.50897058683182994
1.1221653438894224	0.023553055221312628	0.00059480976814036931	-0.014456258834759945	0.13552429077108366	-0.55903377368579987	0.66473848725750695	0.54614437177214592	0.38189677630560143	0.45237621652075055
1.1321846773170066	0.033572388648896757	0.00050083990224870575	-0.0125564792413529	0.12213438726086163	-0.52946336829876905	0.70023843939451247	0.50568857995835192	0.32534323931693926	0.3848083999749588
1.1422040107445905	0.043591722076480884	0.00042063568831813392	-0.010877284510012575	0.1097447714577507	-0.49956273249186323	0.72968344703072574	0.45574753581680699	0.25942542430923243	0.30889608366407134
1.1522233441721748	0.05361105550406501	0.0003523589634425486	-0.0093972582969242928	0.098321183852776675	-0.46958661573108684	0.75301848914180591	0.39724321477868318	0.18621420144418818	0.22746108789642347
1.1622426775997587	0.063630388931649143	0.00029438923960619035	-0.0080964946956428863	0.087825272296736645	-0.43977012752257166	0.77027286529928463	0.33124900266458795	0.10795875787432729	0.14341898087214289
1.172262011027343	0.073649722359233269	0.00024530198842627156	-0.006956566104612677	0.078215402779831217	-0.41032742998955918	0.78155545781892077	0.25896221534195091	0.027016099657221248	0.059678235147171736
1.1822813444549272	0.083669055786817395	0.000203848534328959	-0.0059604809697241532	0.069447425466025989	-0.38145082810022124	0.78704879995788191	0.18167447025517708	-0.054221023284183358	-0.020958824829049313
1.1923006778825112	0.093688389214401521	0.00016893751064807219	-0.0050926330665490962	0.061475390246349779	-0.35331024271836947	0.78700212930092528	0.10074074837066777	-0.13339547332102386	-0.09588982432473861
1.2023200113100954	0.10370772264198565	0.00013961782388235503	-0.0043387439020483361	0.054252207356374142	-0.32605304582161304	0.78172361954332836	0.017547993870944339	-0.20825413954392277	-0.16279760864002285
1.2123393447376796	0.11372705606956977	0.00011506306381198455	-0.0036857997182494434	0.047730249844820612	-0.29980423219818086	0.77157199258556441	-0.06651591743380382	-0.27671133373301732	-0.21972400835349656
1.2223586781652636	0.1237463894971539	9.4557291252926558e-05	-0.003121984473372353	0.041861895863403817	-0.27466689775508668	0.75694771620639079	-0.15009205029046171	-0.3369053045613587	-0.26512955085586887
1.2323780115928478	0.13376572292473804	7.7482130803039557e-05	-0.0026366100617690232	0.036600009856063348	-0.25072299128349373	0.73828399073259043	-0.23187839431119475	-0.38724627910249981	-0.29793709854624978
1.2423973450204318	0.14378505635232217	6.3305092882890836e-05	-0.0022200449153314075	0.031898362744889462	-0.22803430414548018	0.71603772137110111	-0.31065531343135327	-0.4264547616309069	-0.31755800721349531
1.252416678448016	0.13387768267187464	5.1569047568431433e-05	-0.0018636420080332308	0.027711992129423931	-0.20664366086088221	0.69068066163486175	-0.38530791112521556	-0.45358917698400858	-0.32390007117463904
1.2624360118756002	0.12385834924429051	4.1882772020781962e-05	-0.0015596671641313236	0.023997504327652394	-0.1865762729534807	0.66269089810787529	-0.45484487201546392	-0.46806232595906561	-0.31735722705501695
1.2724553453031842	0.11383901581670638	3.3912493608972405e-05	-0.001301228451169894	0.020713320785793837	-0.16784121861352877	0.63254482827580805	-0.51841345905117864	-0.46964650917522632	-0.29878169587924408
1.2824746787307684	0.10381968238912226	2.7374351964955064e-05	-0.0010822073229824782	0.017819871967584902	-0.1504330116830149	0.60070976197886572	-0.57531046839168887	-0.45846755920431104	-0.2694399228824722
1.2924940121583526	0.093800348961538133	2.2027705080634937e-05	-0.00089719206680723455	0.01527974230237289	-0.13433322509190249	0.56763725394756559	-0.62498906742738269	-0.43498838463944595	-0.23095429641442333
1.3025133455859366	0.083781015533954006	1.7669207033324278e-05	-0.00074141400361445089	0.013057770127551225	-0.11951213607790932	0.53375725059989076	-0.66706156104088432	-0.39998296118127047	-0.18523316405095303
1.3125326790135208	0.07376168210636988	1.4127587894746665e-05	-0.00061068679274276731	0.011121106809365578	-0.1059303632115963	0.49947310954355245	-0.70129824358611359	-0.35450199232700591	-0.13439209181190162
1.322552012441105	0.063742348678785754	1.1259069732877252e-05	-0.00050134910167160907	0.0094392393733623604	-0.093540468320526524	0.46515752574350727	-0.72762259586011679	-0.29983169635013951	-0.080669612423118001
1.332571345868689	0.053723015251201621	8.9433562572537616e-06	-0.0004102108197188535	0.0079839810297082526	-0.082288499757507405	0.43114937473628168	-0.74610317478664701	-0.23744734977855775	-0.026340868017689045
1.3425906792962732	0.043703681823617495	7.0801374975749221e-06	-0.00033450292093523246	0.0067294339484136661	-0.072115456986377086	0.39775146118508886	-0.75694261642824978	-0.1689633259176514	0.026367434648589285
1.3526100127238572	0.033684348396033369	5.5860548622940404e-06	-0.00027183101657182404	0.0056519285351245311	-0.062958660066492603	0.36522914097693865	-0.76046422874209119	-0.096081408247789699	0.075357471699514678
1.3626293461514414	0.023665014968449239	4.3920759277333995e-06	-0.00022013258115654414	0.0047299432901174989	-0.054753011212531386	0.33380976737536555	-0.7570966883108714	-0.020539133623425337	0.11873313913769153
1.3726486795790256	0.013645681540865111	3.4412322974863739e-06	-0.00017763778821443921	0.0039440091121879274	-0.047432139106371896	0.30368289676994514	-0.74735737490341969	0.05594016737279385	0.15486266160406909
1.3826680130066096	0.0036263481132809824	2.6866777940845514e-06	-0.00014283385166384275	0.0032766016459587349	-0.040929419969632889	0.27500117751241981	-0.73183487958848314	0.13169410987759908	0.18242885447637644
1.3926873464341938	0.0063929853143031455	2.0900280563189147e-06	-0.00011443273647192872	0.0027120249761698714	-0.035178872507048438	0.24788183630148825	-0.71117120727906025	0.20516344396669067	0.20046549918384537
1.402706679861778	0.016412318741887272	1.6199462806586332e-06	-9.1342076733469345e-05	0.0022362896556328052	-0.030115926652264861	0.22240867057699565	-0.68604416459359652	0.2749285956172875	0.20837892062226751
1.412726013289362	0.026431652169471402	1.2509433359930004e-06	-7.2639120360219208e-05	0.0018369877239627433	-0.025678068551099907	0.19863445231980867	-0.65715038079788357	0.33973972145083642	0.20595450505100552
1.4227453467169462	0.036450985597055528	9.6236377652831878e-07	-5.75475064096531e-05	0.0015031670403106395	-0.021805366377167054	0.17658364835385881	-0.62518935569309286	0.39853971581962983	0.19334853626197782
1.4327646801445302	0.046470319024639654	7.3753236353462561e-07	-4.5416673093287148e-05	0.0012252069225442595	-0.018440883377081069	0.15625536446895699	-0.59084886622889365	0.45047989003435618	0.17106632776500924
1.4427840135721144	0.056489652452223788	5.6303857382530168e-07	-3.5703691033621113e-05	0.00099469676409916327	-0.015530985984191109	0.13762642512739839	-0.5547919960530695	0.49492831809213422	0.13992816257422366
1.4528033469996986	0.066508985879807914	4.2813921736246391e-07	-2.7957316741034263e-05	0.00080431899341652346	-0.013025555927798233	0.12065450684227359	-0.51764598187496691	0.53147110064227809	0.10102499726825778
1.4628226804272826	0.07652831930739204	3.2426170844006688e-07	-2.1804064935312153e-05	0.00064773745383537337	-0.010878116014636568	0.1052812511517611	-0.47999300003607259	0.55990702989671626	0.055666225789187992
1.4728420138548668	0.086547652734976166	2.4459273828776936e-07	-1.6936104649986663e-05	0.00051949201731732138	-0.009045879693854144	0.091435292080086883	-0.4423629484708676	0.58023633516990125	0.0053220192619837202
1.482861347282451	0.096566986162560292	1.8373908835874752e-07	-1.3100792480018365e-05	0.00041490000578149177	-0.0074897346644686898	0.079035142692486487	-0.40522821545505283	0.5926443460301094	-0.048437144426597509
1.492880680710035	0.10658631959014442	1.3744911202551196e-07	-1.009166635875656e-05	0.00032996478054042713	-0.0061741706782760808	0.067991895452938503	-0.36900036898890454	0.59748102401869663	-0.10400117247133202
1.5029000141376192	0.10653789829648114	1.0238500868586537e-07	-7.7407344223741073e-06	0.00026129167395804234	-0.0050671613672964742	0.058211701239648972	-0.33402865078035726	0.59523738299937945	-0.15977882182626077
1.5129193475652034	0.096518564868897011	7.5937430420986517e-08	-5.9119054347376642e-06	0.00020601127788007927	-0.0041400094203594079	0.049598001758850825	-0.30060011759568572	0.58651984292806336	-0.21425173112522722
1.5229386809927874	0.086499231441312885	5.6075210221212486e-08	-4.4954195511330592e-06	0.00016170996987948885	-0.0033671637858325035	0.042053499458666065	-0.26894124083950249	0.57202354456488147	-0.2660221428866365
1.5329580144203716	0.076479898013728759	4.1224095717995868e-08	-3.4031505954926173e-06	0.00012636744966690354	-0.0027260168232967337	0.035481857664207098	-0.23922075280957122	0.5525055974173646	-0.31385283271427356
1.5429773478479556	0.066460564586144633	3.016932676427247e-08	-2.5646632628966518e-06	9.8300972489689421e-05	-0.0021966885007256819	0.029789131364435711	-0.21155351496788988	0.52875914539398139	-0.35669819810719644
1.5529966812755398	0.056441231158560499	2.197772236419877e-08	-1.923920534584205e-06	7.6115902031863888e-05	-0.0017618038672558723	0.024884935761731904	-0.18600517926428398	0.50158902065397493	-0.3937259139425362
1.563016014703124	0.046421897730976373	1.5935655261552952e-08	-1.4365479477903945e-06	5.8662160078485496e-05	-0.0014062691534120775	0.020683365275920618	-0.16259741724582541	0.47178962298879912	-0.42432901146063334
1.573035348130708	0.036402564303392247	1.1499903294810632e-08	-1.0675720785764566e-06	4.4996121754806514e-05	-0.001117050985381497	0.017103680149935675	-0.14131350236501317	0.44012551704343139	-0.44812866110470023
1.5830546815582922	0.026383230875808118	8.2588870718494127e-09	-7.8956058914315916e-07	3.4347491189814803e-05	-0.00088296236831575826	0.01407078114918895	-0.12210404738302016	0.40731508995447252	-0.46496831803836203
1.5930740149858764	0.016363897448223991	5.9022444869915847e-09	-5.8110040973146106e-07	2.6090690715180343e-05	-0.00069445831230384794	0.011515495130934519	-0.10489271977856965	0.37401746427919375	-0.47490020738012168
1.6030933484134604	0.0063445640206398618	4.1970641405696034e-09	-4.2555904356421021e-07	1.9720305011735345e-05	-0.00054344325622238717	0.0093746955622011335	-0.089581782313972388	0.34082272142730097	-0.47816537315456581
1.6131126818410446	0.0036747694069442661	2.9694110042877328e-09	-3.1008159809837828e-07	1.4830137907043145e-05	-0.00042309179794622641	0.0075912824862323005	-0.076057332099748548	0.30824536425323673	-0.47516868419172004
1.6231320152686288	0.013694102834528394	2.0900370122612786e-09	-2.2478297200986654e-07	1.1095461926304686e-05	-0.00032768366969951378	0.0061140460945116673	-0.064194138437208018	0.27672083799012609	-0.46645027979745501
1.6331513486962128	0.02371343626211252	1.4633841005706345e-09	-1.6210069398769982e-07	8.2580675111010808e-06	-0.0002524534068207639	0.0048974370803357295	-0.053860006322018469	0.24660483909067141	-0.45265495039168985
1.643170682123797	0.03373276968969665	1.0191641958351408e-09	-1.1627925653172771e-07	6.1137485553108429e-06	-0.0001934547463752022	0.0039012654598604849	-0.044919617828968382	0.21817507336677455	-0.43450088975595347
1.653190015551381	0.043752103117280776	7.0594561210521324e-10	-8.2961463166265576e-08	4.5018922817379354e-06	-0.00014743945609322135	0.0030903476750284192	-0.037237826908053814	0.19163507851372327	-0.41274913554230069
1.6632093489789652	0.053771436544864902	4.862933707753166e-10	-5.886636340257361e-08	3.2968734188447621e-06	-0.00011175002947554256	0.0024341196608484478	-0.030682403826245909	0.16711970103727045	-0.38817484517337625
1.6732286824065494	0.063790769972449035	3.3310655136133512e-10	-4.1536841656935092e-08	2.4009842542564467e-06	-8.4225483675469699e-05	0.0019062312782807847	-0.025126243193019104	0.14470181223531195	-0.36154134863933096
1.6832480158341334	0.073810103400033161	2.2687273822360388e-10	-2.914291013980383e-08	1.7386627449067654e-06	-6.3119356123713841e-05	0.0014841351819876228	-0.020449063992437313	0.12439985995241977	-0.33357769203460846
1.6932673492617176	0.083829436827617287	1.5362122175992236e-10	-2.0329286638524387e-08	1.2518099260633604e-06	-4.7028906449960662e-05	0.0011486808935944012	-0.01653864125359621	0.10618587952460053	-0.30496014981508829
1.7032866826893018	0.093848770255201414	1.0340561983813319e-10	-1.4097969262122455e-08	8.9601500667452038e-07	-3.483448453570845e-05	0.00088372265472985722	-0.013291617009458139	0.08999362553316087	-0.27629795254092571
1.7133060161168858	0.10386810368278554	6.918534700936873e-11	-9.7183018239518964e-09	6.3753152117330361e-07	-2.5648016059318042e-05	0.00067574759341666973	-0.010613943224194381	0.075726532428126089	-0.24812326152254838
1.72332534954447	0.11388743711036967	4.6005833741426278e-11	-6.6585022875768693e-09	4.5087059390911596e-07	-1.8769576549552782e-05	0.0005135288909006965	-0.0084210117051061479	0.063265263549713235	-0.22088523142323399
1.733344682972054	0.12390677053795381	3.0401212381429577e-11	-4.5338453438769905e-09	3.1689771945316302e-07	-1.3651067137577522e-05	0.00038780700840961209	-0.0066375260157138455	0.052474661562296923	-0.19494784320444386
1.7433640163996382	0.13392610396553792	1.9961682634822598e-11	-3.0676873504340669e-09	2.2133750134858271e-07	-9.8660639119847913e-06	0.00029100063689092815	-0.0051971684690634195	0.043209966140890552	-0.1705910670167711
1.7533833498272224	0.14394543739312204	1.3022045969634036e-11	-2.0623320183993155e-09	1.53606611258749e-07	-7.0849827719458175e-06	0.00021694786908850558	-0.0040421118168692165	0.035322214658776947	-0.14801482944737732
1.7634026832548064	0.15396477082070617	8.4388491722790726e-12	-1.3773887828072993e-09	1.0590895916191184e-07	-5.0547784251629796e-06	0.00016067715517240446	-0.0031224206668132408	0.028662786837627716	-0.12734521135587024
1.7734220166823906	0.16398410424829032	5.4319238772488577e-12	-9.1379926644104915e-10	7.2538860697385195e-08	-3.5824759273995857e-06	0.00011820687645890174	-0.0023953823396707834	0.023087093559230061	-0.10864228881430796
1.7834413501099748	0.16246879894533864	3.4724297928178681e-12	-6.0212354620741637e-10	4.9348024368319605e-08	-2.5219128723554142e-06	8.6371837454416838e-05	-0.001824801165546825	0.018457442513255044	-0.0919090462901168
1.7934606835375588	0.15244946551775451	2.2042650864484118e-12	-3.9400662762867584e-10	3.33406410497956e-08	-1.7631476553464975e-06	6.2674612162779875e-05	-0.0013802844137082951	0.014645138737894395	-0.077100832925866031
1.803480016965143	0.14243013209017039	1.389261978744501e-12	-2.5600319351770233e-10	2.2367923315370057e-08	-1.2240624057417495e-06	4.5159462218318761e-05	-0.0010365424007880253	0.011531896471602833	-0.064134893668559664
1.8134993503927272	0.13241079866258626	8.692246638439129e-13	-1.6513920552155933e-10	1.4899289106945598e-08	-8.4375700484274608e-07	3.2306447456222437e-05	-0.00077272002119453459	0.009010650480132899	-0.052899580958016432
1.8235186838203112	0.12239146523500212	5.3981275914327197e-13	-1.0574383770924283e-10	9.8521801209393582e-09	-5.77392331909006e-07	2.294335019659731e-05	-0.00057177213225969854	0.006985860815913977	-0.043262933755153811
1.8335380172478954	0.11237213180741799	3.3269869581009972e-13	-6.7204004216554588e-11	6.4664042695514193e-09	-3.9219614678436709e-07	1.6173110504616995e-05	-0.000419890996533471	0.0053734056469675138	-0.035080393445844585
1.8435573506754794	0.10235279837983387	2.0346392773261546e-13	-4.238415246438072e-11	4.2120336919413442e-09	-2.6439376368462496e-07	1.1314600811216542e-05	-0.00030599038220352812	0.0041001533024021307	-0.02820150592830303
1.8535766841030636	0.092333464952249741	1.2344725536175045e-13	-2.6522290328664018e-11	2.7223999218592664e-09	-1.7686807218812691e-07	7.8547368379197889e-06	-0.00022124795988373084	0.0031032979967605271	-0.02247553224530317
1.8635960175306479	0.082314131524665615	7.4295095728071009e-14	-1.646441654886543e-11	1.7457156749325022e-09	-1.1738986428868321e-07	5.410112736465324e-06	-0.00015870528963578799	0.002329534766231536	-0.017755953730406088
1.8736153509582318	0.072294798097081475	4.434535439222686e-14	-1.0137613229181343e-11	1.1104133146351733e-09	-7.7290292255233539e-08	3.6965493927089032e-06	-0.00011292292265714426	0.0017341388538166475	-0.013903910085007583
1.883634684385816	0.062275464669497356	2.6246260208836779e-14	-6.1901746918012087e-12	7.0050458553168281e-10	-5.0473142085099584e-08	2.5051462071675575e-06	-7.9686888104144041e-05	0.0012800038894349472	-0.010790649322851537
1.8936540178134003	0.052256131241913223	1.540059226703296e-14	-3.7477365615984612e-12	4.3820317515177418e-10	-3.2686024250171115e-08	1.6836209934519589e-06	-5.5762027834696027e-05	0.00093668236838327374	-0.0082990971741612775
1.9036733512409842	0.042236797814329097	8.957249777611798e-15	-2.2493268764452472e-12	2.7176818874483044e-10	-2.0987122038296534e-08	1.1219046995225018e-06	-3.86872070719122e-05	0.00067946164368800689	-0.0063246710757995234
1.9136926846685685	0.032217464386744971	5.1628897409930597e-15	-1.3380396291901832e-12	1.6706973998286503e-10	-1.3358342984410707e-08	7.4112405200072569e-07	-2.6607294082748074e-05	0.00048849928351940271	-0.004775471539315357
1.9237120180961527	0.022198130959160841	2.9485090107134048e-15	-7.8873434865259962e-13	1.0178589209236737e-10	-8.4271001936625777e-09	4.8525406361600921e-07	-1.8136897770194175e-05	0.00034803344385387079	-0.0035719830732969713
1.9337313515237367	0.012178797531576715	1.6680566456915306e-15	-4.6062467908246669e-13	6.1443988019026639e-11	-5.267972063649269e-09	3.148529512828126e-07	-1.2251115805946259e-05	0.00024567699420482037	-0.002646409698983024
1.9437506849513209	0.0021594641039925861	9.3459124433794221e-16	-2.6645523364112917e-13	3.674356803163958e-11	-3.2625647462212936e-09	2.0240463411456614e-07	-8.1989227598909114e-06	0.00017179853931462345	-0.0019417582232410858
1.9537700183789048	0.0078598693235915409	5.1848408722808236e-16	-1.5263857424535105e-13	2.1761959968598587e-11	-2.0013931181114913e-09	1.2888953074883536e-07	-5.4352715422448414e-06	0.00011898915469568524	-0.0014107675123105168
1.9637893518064891	0.017879202751175671	2.8473993456740187e-16	-8.6569715295666189e-14	1.2762342477255409e-11	-1.2158132390700996e-09	8.1284212998838156e-08	-3.5684551688354204e-06	8.1610495279970221e-05	-0.0010147655524434104
1.9738086852340733	0.027898536178759797	1.5475793813428129e-16	-4.8598629168232486e-14	7.4092725944991006e-12	-7.3124406088503966e-10	5.0756218824958678e-08	-2.3197506821495016e-06	5.5417803734791979e-05	-0.00072251935834884661
1.9838280186616573	0.037917869606343926	8.3221819922636379e-17	-2.699783339260165e-14	4.2572242824101121e-12	-4.3532604499803022e-10	3.1373717446986452e-08	-1.4928220351893459e-06	3.7250077857796806e-05	-0.00050912679522453178
1.9938473520892415	0.047937203033928052	4.4267480333775622e-17	-1.4837706386700237e-14	2.420315164433775e-12	-2.5645744796408386e-10	1.9192491645958216e-08	-9.5077964277567171e-07	2.4779088782082283e-05	-0.00035498483797971755
2.0038666855168255	0.057956536461512179	2.3284908440065813e-17	-8.0652720158249961e-15	1.3611181093148553e-12	-1.4946909277025926e-10	1.1616518185299365e-08	-5.9917254160362727e-07	1.63089128092221e-05	-0.00024485616506914222
2.0138860189444099	0.0655555227354261	1.2108215660348443e-17	-4.3347305568566631e-15	7.5696779052860861e-13	-8.6159899078131955e-11	6.9548173409482765e-09	-3.7352061586625189e-07	1.0618002286154951e-05	-0.00016704550761898073
2.0239053523719939	0.055536189307841974	6.2225729954980821e-18	-2.3028583243791361e-15	4.1618911701042151e-13	-4.9108185693617237e-11	4.1175753066083777e-09	-2.3027853462372772e-07	6.8364463915637035e-06	-0.00011268889048434547
2.0339246857995779	0.045516855880257841	3.1594153486480582e-18	-1.2089266161163854e-15	2.261540208282256e-13	-2.7667465065709296e-11	2.4100114731909834e-09	-1.4036179455321243e-07	4.3518535865054785e-06	-7.5152707199436478e-05
2.0439440192271623	0.035497522452673715	1.584334420822723e-18	-6.2693119969036686e-16	1.2141738787585285e-13	-1.5403441189368017e-11	1.3940824839219171e-09	-8.4562107811112521e-08	2.7381382446257006e-06	-4.9535259101395774e-05
2.0539633526547463	0.025478189025089588	7.8440517165226562e-19	-3.2105565221471469e-16	6.4383846118769258e-14	-8.4714759830002104e-12	7.967347010876649e-10	-5.0338830137297348e-08	1.7023499186279064e-06	-3.2260691041568308e-05
2.0639826860823303	0.015458855597505459	3.8329275946710618e-19	-1.6230344625226999e-16	3.3708719323488172e-14	-4.600943551753509e-12	4.4973081098355414e-10	-2.960013063724505e-08	1.0454989591506867e-06	-2.0753874638404297e-05
2.0740020195099143	0.0054395221699213318	1.847791984611884e-19	-8.0965760976976571e-17	1.74188569266833e-14	-2.4667653035859246e-12	2.5064333370987462e-10	-1.7187132891261533e-08	6.3407704777614556e-07	-1.3184427076549921e-05
2.0840213529374987	0.0045798112576627961	8.7848761597730749e-20	-3.98412371283636e-17	8.880640548081382e-15	-1.3050918010002696e-12	1.3786943330193544e-10	-9.8510277604250778e-09	3.7962905730142391e-07	-8.2684310751580975e-06
2.0940406863650827	0.014599144685246925	4.1171589582639121e-20	-1.9330594177543597e-17	4.4652238166869843e-15	-6.8111093774919538e-13	7.4821099329211965e-11	-5.5714643540841007e-09	2.2429710914522021e-07	-5.1172953213182535e-06
2.1040600197926667	0.024618478112831053	1.9012940140698076e-20	-9.2438500782119738e-18	2.2132721832969765e-15	-3.5049429684343199e-13	4.004534743800541e-11	-3.1081369024476268e-09	1.3072978145580172e-07	-3.1243605971836429e-06
2.1140793532202511	0.034637811540415182	8.6475092520278996e-21	-4.3547242104865094e-18	1.0810059129287462e-15	-1.7776406132396131e-13	2.1128595189724361e-11	-1.7096154087494441e-09	7.5135165268515367e-08	-1.8811541625160375e-06
2.1240986866478351	0.044657144967999308	3.8717992584976171e-21	-2.0200539990434941e-18	5.2002221421017827e-16	-8.8819973617163694e-14	1.0984715968080091e-11	-9.2678575437993432e-10	4.2564918921716899e-08	-1.1165041391147513e-06
2.1341180200754191	0.054676478395583435	1.7056631450901231e-21	-9.222385363799333e-19	2.4626596231776805e-16	-4.3699265859407763e-14	5.6247784065121584e-12	-4.9493475458647851e-10	2.3758133222967195e-08	-6.5296419725575617e-07
2.1441373535030035	0.053087223833216027	7.3892214520767186e-22	-4.1416457537683573e-19	1.1474979596082073e-16	-2.1160025094426095e-14	2.8353581676713352e-12	-2.6025456538223925e-10	1.3059488073406403e-08	-3.761155883692288e-07
2.1541566869305875	0.043067890405631901	3.1461699630637834e-22	-1.8285654835287668e-19	5.258092158615693e-17	-1.0078736324403684e-14	1.406280079573168e-12	-1.3468303924066476e-10	7.0661554961776482e-09	-2.1328226539253645e-07
2.1641760203581715	0.033048556978047768	1.3157776209731308e-22	-7.9323235761603746e-20	2.3680080554983912e-17	-4.7195410995094058e-15	6.8589791159664419e-13	-6.8558480653895407e-11	3.7614976972253595e-09	-1.1900792206460223e-07
2.1741953537857559	0.023029223550463641	5.401604270260485e-23	-3.3788730357666054e-20	1.0474949216448424e-17	-2.1713938065030775e-15	3.2879034205325198e-13	-3.4308277500761368e-11	1.9688962037782332e-09	-6.5306697706859559e-08
2.1842146872133399	0.013009890122879515	2.1752498269682331e-23	-1.4123342641848566e-20	4.548343726026929e-18	-9.8095266139312876e-16	1.5480437607746003e-13	-1.6868123124150454e-11	1.0127876108554887e-09	-3.522564188624182e-08
2.1942340206409239	0.0029905566952953869	8.5867588659388009e-24	-5.7888436481489564e-21	1.937262015386179e-18	-4.3484687301407825e-16	7.1543116981532164e-14	-8.1430851362760132e-12	5.116589499008032e-10	-1.8664759706628625e-08
2.2042533540685083	0.0070287767322887405	3.3200950714674838e-24	-2.3249284697051195e-21	8.0879594983158898e-19	-1.8901349759395987e-16	3.2431745939675953e-14	-3.8571973563603479e-12	2.5370265114749475e-10	-9.7089900850514447e-09
2.2142726874960923	0.01704811015987287	1.2563715267995988e-24	-9.1420563312966974e-22	3.3072396994335786e-19	-8.0498180717258031e-17	1.4410128786433695e-14	-1.7914392093063678e-12	1.2338095017321272e-10	-4.9547422096196854e-09
2.2242920209236763	0.027067443587456996	4.648927276015016e-25	-3.5166079955758054e-22	1.3234445820603701e-19	-3.356309159272509e-17	6.2706922907111507e-15	-8.1516345070629199e-13	5.8806495319581606e-11	-2.478849207100758e-09
2.2343113543512607	0.037086777015041122	1.6805383503038231e-25	-1.3220649538114654e-22	5.178104914695529e-20	-1.3688041191185808e-17	2.6702001369367532e-15	-3.6311237162198003e-13	2.7447881026948563e-11	-1.2148574846516169e-09
2.2443306877788447	0.047106110442625256	5.9288342281502759e-26	-4.852934013572721e-23	1.9789926388366035e-20	-5.4552821785273758e-18	1.1116202334345792e-15	-1.5819989235804078e-13	1.253503005185624e-11	-5.8275498990509413e-10
2.2543500212064287	0.057125443870209382	2.0391381688117748e-26	-1.7374830635162397e-23	7.3803604701233289e-21	-2.1225217027510265e-18	4.5198817822547298e-16	-6.7348216557651319e-14	5.5959438929989524e-12	-2.7336558206849583e-10
2.2643693546340131	0.067144777297793515	6.829282825012646e-27	-6.0604861079165361e-24	2.682797468894204e-21	-8.0533092554990358e-19	1.7930655041789996e-16	-2.7986878234898537e-14	2.4396058262882768e-12	-1.252794883079133e-10
2.2743886880615971	0.077164110725377641	2.2243769900324827e-27	-2.0569854187145427e-24	9.4940818137916227e-22	-2.9762826769705555e-19	6.9321351795820356e-17	-1.1339890695774424e-14	1.037519222943035e-12	-5.603268794228187e-11
2.2844080214891811	0.087183444152961767	7.0364644482191733e-28	-6.7844295336763978e-25	3.2666829233700056e-22	-1.0700378803624458e-19	2.6085638623683064e-17	-4.474727287227511e-15	4.2992766762435909e-13	-2.4430772034297693e-11
2.2944273549167651	0.097202777580545893	2.1585885521572239e-28	-2.1713262008678437e-25	1.0912769077853202e-22	-3.7372227651799357e-20	9.5414547089474734e-18	-1.7173524659721379e-15	1.7336676017949814e-13	-1.0371300663218978e-11
2.3044466883443495	0.093448584454021169	6.4113990226211426e-29	-6.7325706637123432e-26	3.5339995673688606e-23	-1.266103588048415e-20	3.3874175543874944e-18	-6.4012990239735473e-16	6.7936959615914067e-14	-4.2810200398886737e-12
2.3144660217719335	0.083429251026437043	1.8404991544810386e-29	-2.0189752819913408e-26	1.1075624382586234e-23	-4.1537857853949424e-21	1.1653769892624312e-18	-2.3137432890443768e-16	2.5832021210151962e-14	-1.7157033912841756e-12
2.3244853551995175	0.073409917598852917	5.0965396107066548e-30	-5.844563227229111e-27	3.3530118361320123e-24	-1.3173093578501719e-21	3.8783061250799804e-19	-8.0957482701857005e-17	9.5148186934296143e-15	-6.6652826277254308e-13
2.3345046886271019	0.063390584171268791	1.3584480235178059e-30	-1.6298091552430908e-27	9.7854287810937149e-25	-4.0302719216372268e-22	1.2460973079126419e-19	-2.7369959572883607e-17	3.3887274823005367e-15	-2.5055632627502096e-13
2.3445240220546859	0.053371250743684658	3.4770424586374187e-31	-4.3679818195020457e-28	2.7467593121364256e-25	-1.1869311089611057e-22	3.8571128452538489e-20	-8.9219518629411981e-18	1.1646248164794833e-15	-9.0959768672572081e-14
2.3545433554822699	0.043351917316100531	8.523786573378808e-32	-1.1221932018497131e-28	7.3971696019508101e-26	-3.3565713008393687e-23	1.1474537835209048e-20	-2.7977320660856625e-18	3.8536261577161437e-16	-3.1820122170380545e-14
2.3645626889098543	0.033332583888516405	1.9954113829940621e-32	-2.7558105200299736e-29	1.9058768501189932e-26	-9.0898149724756227e-24	3.2719804086757209e-21	-8.4175688571800514e-19	1.2245973812069777e-16	-1.0700471862403623e-14
2.3745820223374383	0.023313250460932276	4.4460368288382604e-33	-6.4479824498588778e-30	4.6831458613795551e-27	-2.3499878308258878e-24	8.916322569904749e-22	-2.4229050068089483e-19	3.7267335759643339e-17	-3.449545521802827e-15
2.3846013557650223	0.013293917033348148	9.3935585020419868e-34	-1.4322077741325728e-30	1.0935652175927837e-27	-5.7798414670235507e-25	2.3141292083837427e-22	-6.6500573961248383e-20	1.0826441180151026e-17	-1.0627545657840669e-15
2.3946206891926067	0.0032745836057640194	1.8739366630245952e-34	-3.0074051917660984e-31	2.4168661107212909e-28	-1.3470567143552029e-25	5.6982340155646841e-23	-1.7339112712771518e-20	2.9914737647672026e-18	-3.1180652359058913e-16
2.4046400226201907	0.006744749821820108	3.5125879429106981e-35	-5.9417341795978726e-32	5.0319904868606399e-29	-2.9614443189751108e-26	1.3253255065072375e-23	-4.2763778217712501e-21	7.8291647066935057e-19	-8.6768826653441652e-17
2.4146593560477747	0.016764083249404236	6.1517031968813012e-36	-1.0984452452562787e-32	9.8167827237320481e-30	-6.1092728157813435e-27	2.8967665520662247e-24	-9.9269917160135509e-22	1.9314471176298035e-19	-2.2795047744334295e-17
2.4246786894753591	0.026783416676988366	9.9999451137559605e-37	-1.8879761357870448e-33	1.7832538661479039e-30	-1.1753950354355381e-27	5.9145473043997083e-25	-2.1564379418068095e-22	4.466267727894374e-20	-5.622761431339402e-18
2.4346980229029431	0.036802750104572492	1.4971233350632146e-37	-2.9941611561177092e-34	2.9940193031252069e-31	-2.0938693278225412e-28	1.1201857688347044e-25	-4.3538014639348569e-23	9.6165845328160563e-21	-1.2939029119086398e-18
2.4447173563305271	0.046822083532156618	2.0452334121858304e-38	-4.3419328991469717e-35	4.605237232874448e-32	-3.4240615781246073e-29	1.9515060810638085e-26	-8.1035044553564364e-24	1.9128143860831761e-21	-2.7565593930010359e-19
2.4547366897581115	0.056841416959740751	2.5209783747639872e-39	-5.6945472055698236e-36	6.420270754264273e-33	-5.0865712040110714e-30	3.0955817242763335e-27	-1.3767790339296365e-24	3.4812722498078916e-22	-5.3866252492184229e-20
2.4647560231856955	0.066860750387324877	2.7651664020409315e-40	-6.6640975617735137e-37	8.0062826201713555e-34	-6.7766971446203274e-31	4.415370979236929e-28	-2.1094438318492935e-25	5.7291811526589054e-23	-9.5453254042118881e-21
2.4747753566132795	0.076880083814909003	2.6524381627070126e-41	-6.8417789359925345e-38	8.7840135093232209e-35	-7.9673298386170657e-32	5.5746151734654784e-29	-2.8705366159353981e-26	8.400492011734673e-24	-1.5120485947210424e-21
2.4847946900408635	0.086899417242493129	2.175841427951262e-42	-6.029472685087037e-39	8.3002919781981265e-36	-8.0965851173301877e-33	6.1052750102800886e-30	-3.4020450366496505e-27	1.0767309613211192e-24	-2.1020580420331096e-22
2.4948140234684479	0.096918750670077256	1.4818604624511081e-43	-4.4314670645873851e-40	6.5673969560565288e-37	-6.9193599558113067e-34	5.646992194986078e-31	-3.4216778268013898e-28	1.1764108221412298e-25	-2.5029267431139684e-23
2.5048333568960319	0.10693808409766138	8.0449693817862957e-45	-2.610823621085556e-41	4.1858796575247716e-38	-4.7889785277134295e-35	4.2520054637956704e-32	-2.81841254489956e-29	1.0583714645754842e-26	-2.4686354638034476e-24
2.5148526903236159	0.11695741752524552	3.2834937694116492e-46	-1.164675823337571e-42	2.0326620873673251e-39	-2.5425731634604092e-36	2.4720068257124653e-33	-1.8062686959596774e-30	7.4594365789522784e-28	-1.9220698012130914e-25
2.5248720237512003	0.12697675095282965	9.2072223476863884e-48	-3.6039167715756647e-44	6.9025733634755276e-41	-9.5270491538851152e-38	1.0229293504299984e-34	-8.324869176914436e-32	3.8149720462848079e-29	-1.0971619715813599e-26
2.5348913571787843	0.13699608438041377	1.5234803384756042e-49	-6.6719196488189281e-46	1.4182549406943034e-42	-2.1887610765930671e-39	2.6258796638071515e-36	-2.4158276138280529e-33	1.2438427682130741e-30	-4.0527731929557677e-28
2.5449106906063683	0.1470154178079979	1.1035851364153218e-51	-5.5298143403267356e-48	1.3269772885535713e-44	-2.3399734341883402e-41	3.1920306148332043e-38	-3.401369584006623e-35	2.0045682626342241e-32	-7.5839856783063933e-30
2.5549300240339528	0.15703475123558203	1.6011992039616763e-54	-9.6227811287706e-51	2.6836497932113856e-47	-5.6632703327991939e-44	9.0455530663756431e-41	-1.175555658017856e-37	8.1808971614997294e-35	-3.789637050414867e-32
