# certified (ball midpoints) from outputs/rtp1_a1_axisN_x{13,25,50}.txt
x,N,Delta_I_N,logdet,r_j,tau_j,Delta_I_s
13,1,20.2641,-21.75614,0.0002084,1,13.39
13,2,28.3365,-49.965435,1.291e-05,1,15.27
13,3,34.804,-85.046053,1.885e-06,1,16.97
13,4,37.9759,-125.23374,1.02e-06,1,16.97
13,5,39.7664,-166.0429,7.782e-07,-0.999,10.43
13,6,42.6089,-204.20268,1.113e-07,1,16.74
13,7,43.6873,-249.79271,2.547e-07,1,17.79
13,8,43.1416,-293.89311,2.708e-07,1,14.11
13,9,42.2328,-336.17211,3.125e-06,1,20.02
13,10,44.1957,-376.61567,9.22e-08,1,16.5
13,11,44.0218,-422.56663,4.598e-07,1,18.26
13,12,41.4904,-465.62398,1.586e-06,1,16.89
13,13,43.0482,-505.6104,2.619e-07,1,14.81
13,14,42.824,-548.42518,1.498e-06,1,19.06
13,15,40.1349,-589.86601,8.946e-07,1,15.62
13,16,38.5104,-629.99932,3.468e-06,1,12.89
13,17,41.2911,-666.68186,3.479e-07,0.996,8.765
13,18,40.815,-706.42107,8.343e-07,1,16.71
13,19,35.7141,-747.20959,2.465e-05,1,15.53
13,20,35.8221,-780.432,5.144e-06,1,14.13
13,21,34.6224,-815.89652,6.191e-06,0.998,10.71
13,22,25.7938,-849.34361,0.01717,1,22.62
13,23,29.19,-873.00584,0.0009744,1,18.21
13,24,27.4246,-900.40353,0.0007146,-1,13.93
13,25,30.7795,-925.78081,0.0001316,1,16.3
13,26,28.0765,-956.43407,0.001278,1,15.73
13,27,28.1711,-982.1872,0.0007597,1,15.42
13,28,26.3471,-1008.5604,0.0004164,0.999,12.26
13,29,25.8102,-1033.2678,0.000298,0.999,11.51
13,30,18.5611,-1058.8427,0.09664,-1,14.86
13,31,21.2539,-1074.6672,0.006189,0.999,11.79
13,32,23.1386,-1093.8987,0.001271,0.999,11.75
13,33,17.4347,-1116.9584,0.0244,-0.996,9.452
13,34,18.3391,-1131.9616,0.008564,0.995,8.633
13,35,15.5706,-1148.819,0.1458,0.999,11.42
13,36,19.6682,-1161.5063,0.004291,0.999,11.32
13,37,14.7207,-1181.6058,0.004447,0.375,0.08892
13,38,9.19052,-1194.1964,0.2901,0.992,7.674
13,39,14.4578,-1200.4155,0.1057,0.999,11.54
13,40,14.9601,-1213.3282,0.1029,0.999,11.64
13,41,15.5017,-1226.5317,0.08701,0.999,11.78
13,42,3.0208,-1240.2002,0.1288,0.861,2.35
13,43,12.0586,-1240.6976,0.2388,-0.996,9.329
13,44,10.389,-1250.9146,0.09647,0.989,7.346
13,45,6.73622,-1259.419,0.2235,-0.806,2.108
13,46,5.99567,-1264.0095,0.25,0.599,0.6233
13,47,8.43533,-1267.5172,0.28,0.972,5.459
13,48,9.37478,-1274.2937,0.1776,0.973,5.388
13,49,3.64789,-1282.062,0.4707,0.825,2.104
13,50,7.8793,-1282.8931,0.4725,-0.986,6.932
13,51,2.61504,-1288.9723,0.1634,0.843,2.275
13,52,0.827939,-1289.3824,0.4637,-0.349,0.2072
13,53,4.20073,-1287.5547,0.3854,0.59,0.5899
13,54,0.870624,-1290.042,0.6293,-0.0159,0.002645
13,55,4.85946,-1288.1427,0.5019,0.946,4.153
13,56,1.14562,-1291.6648,0.7476,0.461,0.4564
13,57,0.794034,-1289.998,1.014,-0.161,0.04197
13,58,2.16412,-1288.4454,0.6008,-0.115,0.0535
13,59,0.88536,-1289.4747,1.247,-0.148,0.06102
13,60,1.91755,-1287.4693,1.169,0.71,1.269
13,61,1.04917,-1287.0536,1.044,0.0866,0.01468
13,62,1.51127,-1285.7681,0.75,-0.46,0.4268
13,63,0.340993,-1286.2947,1.179,-0.159,0.04311
13,64,0.944907,-1283.7736,1.436,-0.465,0.5029
13,65,0.328998,-1282.2937,1.316,-0.0266,0.002367
13,66,0.486962,-1280.129,1.193,-0.152,0.04673
13,67,0.233547,-1278.9039,1.514,-0.111,0.02236
13,68,0.196185,-1276.4371,1.879,0.146,0.04585
13,69,1.21946,-1273.5062,0.8261,-0.375,0.2939
13,70,0.162386,-1274.651,1.196,-0.0356,0.00176
13,71,0.250804,-1271.9126,1.63,-0.13,0.03564
13,72,0.199164,-1269.6398,1.87,0.0487,0.003529
13,73,0.323277,-1267.0798,1.702,0.0821,0.01045
13,74,0.43803,-1265.3548,1.519,0.087,0.0129
13,75,0.454635,-1264.0732,2.255,-0.325,0.2213
13,76,0.272853,-1261.3977,1.722,-0.0177,0.0003199
13,77,0.323178,-1259.4266,1.549,0.0603,0.008441
13,78,0.669099,-1257.9811,1.954,-0.452,0.4457
13,79,0.172309,-1256.0712,1.746,-0.0451,0.003663
13,80,0.599323,-1253.478,1.863,-0.44,0.43
13,81,0.790304,-1251.6701,1.471,0.514,0.6127
13,82,0.289958,-1250.1007,2.108,-0.0472,0.005562
13,83,0.446426,-1247.7158,1.966,-0.343,0.2566
13,84,0.186385,-1245.7401,1.736,0.158,0.04823
13,85,0.15849,-1243.3069,1.868,0.0219,0.0006671
13,86,0.10342,-1241.2524,2.25,0.0377,0.002623
13,87,0.129389,-1238.4278,2.357,-0.0993,0.01897
13,88,0.263578,-1235.8063,1.597,0.177,0.06592
13,89,0.10415,-1234.6349,2.484,0.0357,0.002885
13,90,0.252388,-1231.4752,1.944,-0.107,0.02076
13,91,0.68777,-1230.0244,2.044,-0.5,0.5583
13,92,0.161858,-1228.1008,1.627,0.0445,0.005138
13,93,0.121334,-1225.772,2.092,0.0668,0.00978
13,94,0.231612,-1223.2503,2.559,-0.258,0.1356
13,95,0.253293,-1220.5032,1.51,-0.117,0.02657
13,96,0.172815,-1219.4588,1.987,-0.211,0.09037
13,97,0.0884773,-1216.6665,2.149,-0.00629,6.32e-05
13,98,0.0847451,-1213.9206,2.344,0.0179,0.0006162
13,99,0.554635,-1211.2627,1.78,-0.423,0.3954
13,100,0.228803,-1210.3021,1.86,0.266,0.1477
13,101,0.0994904,-1207.3381,2.493,0.0407,0.002735
13,102,0.110598,-1204.5262,2.246,0.0436,0.003055
13,103,0.145168,-1202.3126,2.273,0.157,0.04691
13,104,0.281962,-1199.9962,2.302,-0.255,0.1376
13,105,0.0669985,-1198.0287,2.589,0.0251,0.001144
13,106,0.210737,-1194.695,1.887,-0.164,0.05424
13,107,0.089793,-1193.4469,1.87,-0.044,0.003703
13,108,0.105715,-1191.0699,2.595,-0.163,0.05232
13,109,0.0853599,-1187.9352,2.205,0.0207,0.001148
13,110,0.123711,-1185.6139,2.279,-0.162,0.04999
13,111,0.0901362,-1183.2506,2.021,-0.0598,0.006001
13,112,0.200395,-1181.0841,2.452,-0.272,0.1476
13,113,0.148753,-1178.2815,2.382,-0.207,0.08206
13,114,0.751791,-1175.4028,1.9,0.524,0.6494
13,115,0.365807,-1174.0186,2.709,-0.244,0.1198
13,116,0.114285,-1171.5084,2.512,0.0315,0.00223
13,117,0.118873,-1168.7528,2.612,-0.11,0.0239
13,118,0.121127,-1166.2232,2.262,0.117,0.02791
13,119,0.0766051,-1164.0272,2.87,0.0645,0.008309
13,120,0.354763,-1161.0358,2.684,-0.346,0.255
13,121,0.099365,-1158.9819,2.122,0.0238,0.001109
13,122,0.086026,-1156.4825,2.63,0.112,0.02501
13,123,0.113335,-1153.6337,2.544,-0.112,0.02489
13,124,0.139312,-1151.4171,2.805,-0.21,0.08977
13,125,0.163728,-1148.3509,1.703,-0.0883,0.01539
13,126,0.0569146,-1147.2608,2.341,-0.085,0.01415
13,127,0.0629191,-1143.9865,2.536,-0.0766,0.01138
13,128,0.156931,-1141.2319,2.205,-0.212,0.09106
13,129,0.0500553,-1139.1576,2.398,0.00607,9.711e-05
13,130,0.220362,-1136.0985,2.587,0.289,0.1726
13,131,0.107822,-1133.5497,3.156,-0.0931,0.01832
13,132,0.162638,-1130.6135,2.195,-0.168,0.05882
13,133,0.0749178,-1128.9662,2.356,0.112,0.02444
13,134,0.0759457,-1126.0721,2.993,-0.119,0.02951
13,135,0.140959,-1123.0889,2.868,0.22,0.09659
13,136,0.223358,-1120.2424,2.311,-0.202,0.08601
13,137,0.0680169,-1118.7785,2.305,-0.084,0.01453
13,138,0.0374576,-1115.9421,2.934,0.0137,0.0003287
13,139,0.227233,-1112.6739,2.334,-0.278,0.1597
13,140,0.0760955,-1110.9649,2.157,0.092,0.0171
13,141,0.168607,-1108.2324,2.564,-0.243,0.1196
13,142,0.0488814,-1105.72,2.619,-0.038,0.002578
13,143,0.0436147,-1102.5428,2.65,-0.00564,2.193e-05
13,144,0.105794,-1099.7933,2.168,0.153,0.04818
13,145,0.107456,-1097.9439,3.089,-0.193,0.07391
13,146,0.052025,-1094.6028,2.726,0.0437,0.004253
13,147,0.0494421,-1091.8725,2.527,0.0225,0.001262
13,148,0.0407468,-1089.5696,2.833,-0.0623,0.007165
13,149,0.03954,-1086.6482,2.859,0.0484,0.005198
13,150,0.1212,-1083.8464,3.227,-0.214,0.09103
13,151,0.449996,-1080.8176,2.377,0.417,0.3862
13,152,0.202239,-1079.0072,3.034,-0.17,0.05702
13,153,0.362631,-1076.3457,2.738,-0.365,0.2804
13,154,0.0949329,-1074.0181,2.399,-0.0945,0.01659
13,155,0.0745066,-1071.1739,2.366,-0.0692,0.008503
13,156,0.0447336,-1068.7684,2.794,0.0583,0.007498
13,157,0.0903026,-1065.6304,3.055,-0.165,0.05313
13,158,0.13912,-1062.7734,2.188,-0.191,0.07107
13,159,0.0995393,-1060.9309,2.696,0.177,0.06547
13,160,0.0640515,-1057.5134,2.65,-0.00511,2.329e-05
13,161,0.0833867,-1055.2645,2.994,-0.164,0.05332
13,162,0.0579122,-1052.1245,2.467,0.0546,0.006197
13,163,0.056531,-1049.8025,2.89,0.114,0.02626
13,164,0.0305317,-1046.8254,3.576,-0.0165,0.000565
13,165,0.0530654,-1043.4862,2.548,0.00156,2.935e-06
13,166,0.0576556,-1041.6329,2.715,-0.117,0.02746
13,167,0.0304619,-1038.7657,2.947,0.0119,0.0002701
13,168,0.0280059,-1035.762,3.142,0.00278,7.859e-06
13,169,0.454483,-1032.8047,2.557,-0.431,0.412
13,170,0.183874,-1031.1531,2.175,0.237,0.115
13,171,0.0816011,-1028.2936,3.116,-0.122,0.03015
13,172,0.0490385,-1025.1785,2.908,0.0635,0.008082
13,173,0.0458091,-1022.2579,2.627,0.0101,0.0002154
13,174,0.229277,-1019.9797,2.616,-0.305,0.1949
13,175,0.048134,-1017.6007,2.913,0.0758,0.01168
13,176,0.0445855,-1014.0113,2.82,-0.0375,0.002632
13,177,0.108895,-1011.4919,2.584,0.19,0.07434
13,178,0.0392307,-1009.0371,3.415,-0.043,0.003561
13,179,0.0347375,-1005.7566,3.079,0.00734,0.000151
13,180,0.0312817,-1003.0711,3.239,-0.0553,0.005847
13,181,0.0861348,-999.9972,2.598,0.152,0.04752
13,182,0.141557,-997.91867,3.149,-0.23,0.1077
13,183,0.0780806,-994.93966,3.164,-0.149,0.04377
13,184,0.135891,-991.73067,2.392,0.193,0.07685
13,185,0.112438,-989.76389,3.087,-0.193,0.07494
13,186,0.0414224,-986.72294,2.846,-0.0222,0.0008735
13,187,0.137835,-983.92546,3.122,-0.234,0.1115
13,188,0.0642218,-980.96106,2.457,0.0516,0.005595
13,189,0.0491009,-978.55915,3.057,0.105,0.02267
13,190,0.210843,-975.38789,3.18,-0.292,0.1774
13,191,0.0508116,-972.79659,2.736,0.0307,0.001954
13,192,0.12067,-969.77795,3.063,0.21,0.09
13,193,0.0584995,-966.88132,3.271,0.0492,0.004616
13,194,0.0321574,-964.1062,3.645,-0.0234,0.001186
13,195,0.186798,-960.76895,2.336,-0.244,0.1232
13,196,0.0545467,-959.50071,2.618,0.116,0.02746
13,197,0.0371484,-956.02503,3.187,0.0613,0.007242
13,198,0.0534745,-953.06658,3.024,-0.103,0.02198
13,199,0.0417187,-950.44539,2.904,-0.087,0.01557
13,200,0.0484708,-947.58792,2.836,0.104,0.02127
25,1,23.4658,-24.226688,6.293e-05,1,15.55
25,2,34.1268,-57.017706,7.889e-07,1,16.92
25,3,42.6289,-99.411814,2.274e-08,1,17.67
25,4,49.0716,-149.31183,1.645e-09,1,17.96
25,5,53.7295,-204.46497,5.52e-10,1,18.85
25,6,58.4635,-262.35876,3.498e-09,1,22.45
25,7,62.2566,-318.84812,1.892e-11,1,17.87
25,8,64.1835,-383.40108,2.086e-12,1,17.95
25,9,66.4494,-451.66773,4.692e-12,1,20.66
25,10,68.0701,-520.49019,6.154e-14,0.197,0.009665
25,11,70.4772,-586.51895,8.582e-13,1,21.08
25,12,71.7802,-659.38495,4.78e-13,-1,14.29
25,13,72.8231,-728.98476,5.241e-14,1,17.91
25,14,73.5533,-804.62509,3.195e-13,1,20.36
25,15,72.8253,-878.26017,7.166e-13,1,18.42
25,16,71.0828,-949.80298,2.818e-12,-1,19.05
25,17,74.6732,-1018.5097,4.984e-14,1,19.72
25,18,75.9943,-1095.9868,5.857e-13,1,22.66
25,19,74.2489,-1170.0101,7.108e-14,1,19.01
25,20,67.1443,-1246.0605,1.289e-10,-1,26.07
25,21,73.7118,-1310.7461,1.634e-12,1,22.28
25,22,75.187,-1382.2808,3.038e-14,1,17.95
25,23,76.1968,-1459.3216,1.644e-13,1,21.44
25,24,72.899,-1535.3549,9.394e-13,1,18.66
25,25,74.6181,-1605.9308,2.306e-13,1,18.13
25,26,72.787,-1679.654,4.928e-12,1,23.88
25,27,73.5207,-1750.0488,7.663e-14,1,19.18
25,28,69.4882,-1826.0324,1.184e-11,-1,21.39
25,29,72.672,-1893.052,1.537e-12,1,21.28
25,30,68.9133,-1964.3226,1.905e-11,1,21.83
25,31,72.2715,-2030.5004,1.686e-13,1,17.95
25,32,72.43,-2104.1514,2.517e-12,1,21.88
25,33,69.4311,-2174.8405,7.135e-12,1,20.21
25,34,70.0021,-2242.1577,3.611e-12,1,19.9
25,35,70.33,-2311.2587,1.876e-12,1,16.89
25,36,65.5888,-2379.9429,8.15e-11,-1,21.52
25,37,68.614,-2443.0083,1.663e-12,1,19.38
25,38,64.7524,-2512.7879,3.875e-11,1,15.53
25,39,67.5232,-2574.6775,1.563e-11,1,19.01
25,40,69.4863,-2640.5331,1.827e-12,1,14.87
25,41,68.5597,-2708.1492,5.717e-12,1,19.69
25,42,65.5142,-2775.4236,4.825e-11,1,19.5
25,43,65.109,-2838.6076,2.065e-11,1,18.35
25,44,61.8282,-2902.9358,8.278e-11,0.999,13.08
25,45,66.2427,-2961.7959,1.076e-11,1,16.74
25,46,66.9602,-3026.9584,3.813e-11,1,21.69
25,47,63.4766,-3092.1941,7.098e-11,1,18.95
25,48,56.3353,-3153.9905,5.319e-09,1,20.46
25,49,61.2023,-3207.2525,8.627e-11,1,18.29
25,50,60.0149,-3268.4211,1.335e-10,1,15.06
25,51,53.8822,-3326.8412,1.185e-08,-1,19.02
25,52,53.2302,-3378.2542,4.132e-08,1,22.32
25,53,44.4144,-3429.1521,1.925e-05,1,28.73
25,54,51.8602,-3471.0748,4.701e-08,-1,20.14
25,55,56.1829,-3520.5411,7.182e-10,1,19.72
25,56,50.1391,-3578.7492,4.018e-08,-0.999,13.23
25,57,56.1022,-3625.4313,2.823e-09,1,18.98
25,58,53.5118,-3680.4662,1.934e-09,1,14.04
25,59,53.0045,-3731.825,2.841e-09,1,14.49
25,60,49.1053,-3783.5386,4.588e-08,-1,15.35
25,61,47.7385,-3830.1942,4.816e-07,1,21.36
25,62,36.6135,-3875.5952,0.001574,-1,29.77
25,63,50.2853,-3909.3714,4.011e-09,0.995,8.841
25,64,48.8782,-3957.8462,4.777e-08,1,17.48
25,65,46.3075,-4004.7703,3.549e-07,1,18.48
25,66,41.541,-4049.0904,6.17e-06,1,19.62
25,67,43.5262,-4087.8243,1.069e-06,1,18.26
25,68,35.2194,-4129.7073,0.000756,1,25.23
25,69,43.7805,-4162.0279,2.005e-07,1,17
25,70,40.6008,-4206.5743,2.682e-06,1,13.65
25,71,40.4805,-4244.4864,1.53e-05,1,18.84
25,72,40.634,-4281.9447,2.256e-06,1,16.08
25,73,41.6143,-4320.3248,6.643e-07,1,15.88
25,74,39.0461,-4361.8164,2.445e-06,0.996,9.347
25,75,40.5609,-4397.9559,1.451e-06,1,14.61
25,76,32.5152,-4437.223,5.242e-05,-0.997,10.39
25,77,35.807,-4466.2293,9.542e-06,1,13.84
25,78,36.6949,-4500.1061,4.459e-06,1,14.13
25,79,25.2511,-4536.5344,0.05068,-1,23.96
25,80,30.5924,-4559.0125,0.0002273,0.999,12.33
25,81,34.7196,-4586.4496,4.913e-05,1,16.14
25,82,35.757,-4619.736,3.738e-05,1,15.44
25,83,35.5883,-4653.1439,7.671e-06,0.999,12.67
25,84,29.8796,-4687.3345,1.835e-05,-0.926,3.945
25,85,28.7969,-4714.5006,0.0002283,0.999,11.46
25,86,20.2687,-4741.032,0.1022,1,18.57
25,87,31.0893,-4757.8636,6.989e-05,1,15.58
25,88,25.3479,-4789.8738,0.000641,-0.99,7.809
25,89,27.3823,-4812.2156,0.002457,1,15.67
25,90,28.7423,-4836.9825,0.001357,1,16.53
25,91,27.8094,-4863.4665,0.003487,1,18.15
25,92,29.7877,-4888.4609,0.0001697,1,13.91
25,93,27.5317,-4916.338,0.0001364,0.999,12.11
25,94,17.6189,-4943.4998,0.1577,1,15.52
25,95,20.3632,-4957.5884,0.05327,-1,16.78
25,96,18.8282,-4975.4503,0.0871,1,18.21
25,97,25.5317,-4991.7483,0.001455,1,14.56
25,98,16.4602,-5015.7344,0.06794,-0.999,13.01
25,99,12.4627,-5029.4014,0.09722,0.999,12.14
25,100,16.5431,-5039.258,0.1208,-0.999,11.72
25,101,21.7695,-5052.6562,0.0006749,0.988,7.121
25,102,15.536,-5073.8645,0.1405,1,14.14
25,103,14.8395,-5086.7151,0.00883,0.48,0.3067
25,104,13.8733,-5098.9391,0.3011,0.998,11.28
25,105,18.2824,-5109.576,0.02633,0.999,12.24
25,106,17.5121,-5126.5022,0.06515,0.999,12.09
25,107,18.9083,-5141.3534,0.03263,0.999,12.78
25,108,14.0103,-5158.2832,0.06421,0.995,9.034
25,109,8.75782,-5169.6253,0.3094,-0.992,7.992
25,110,17.4995,-5175.5014,0.05042,-0.998,10.77
25,111,17.4326,-5190.7956,0.05059,0.999,13.18
25,112,6.38575,-5205.9101,0.1755,0.967,5.173
25,113,11.9544,-5208.9574,0.0261,0.932,3.883
25,114,8.17407,-5219.9194,0.371,0.94,3.955
25,115,13.1819,-5224.6156,0.112,0.996,9.505
25,116,13.9137,-5236.3702,0.1234,0.996,9.303
25,117,12.0016,-5248.0164,0.1049,0.986,7.158
25,118,5.68973,-5257.7042,0.4719,-0.949,4.33
25,119,11.8605,-5260.2346,0.1786,-0.99,7.732
25,120,9.19944,-5269.9071,0.2557,0.992,8.157
25,121,6.91589,-5276.5871,0.499,-0.964,5.162
25,122,6.81041,-5280.8771,0.1888,-0.171,0.1039
25,123,11.791,-5284.7922,0.3823,0.994,8.863
25,124,2.29026,-5294.1232,0.1563,0.77,1.622
25,125,12.4793,-5293.4231,0.06702,0.994,8.693
25,126,3.64571,-5305.5753,0.3711,0.85,2.415
25,127,2.05269,-5305.8407,0.5897,-0.701,1.22
25,128,6.12839,-5304.9738,0.2064,-0.25,0.1967
25,129,8.3148,-5309.0724,0.1844,-0.853,2.72
25,130,3.34911,-5315.3383,0.5913,-0.402,0.3519
25,131,7.67815,-5315.3013,0.3803,0.971,5.389
25,132,2.49811,-5321.2501,0.6961,0.7,1.298
25,133,9.88124,-5320.4106,0.462,-0.993,8.271
25,134,1.72306,-5328.6005,0.1261,0.74,1.432
25,135,1.38558,-5327.6981,0.3938,0.608,0.9101
25,136,1.60604,-5326.1145,1.015,0.196,0.0554
25,137,5.16967,-5324.6502,0.7249,0.948,4.377
25,138,1.73214,-5327.6412,0.3981,0.709,1.28
25,139,1.69694,-5326.6501,0.4211,0.731,1.423
25,140,3.23949,-5325.7884,0.7055,0.871,2.767
25,141,1.67045,-5326.2988,0.8854,-0.374,0.2771
25,142,0.778504,-5325.5434,1.225,-0.224,0.1206
25,143,5.09871,-5323.0504,0.2704,0.906,3.147
25,144,0.915898,-5328.5883,0.9924,-0.151,0.06867
25,145,0.370206,-5325.9731,0.7615,-0.193,0.0649
25,146,0.279704,-5323.7011,1.126,0.0419,0.006232
25,147,0.673731,-5320.8708,1.474,-0.075,0.01139
25,148,1.804,-5318.8798,0.9691,0.207,0.05793
25,149,1.69544,-5318.9733,1.203,0.102,0.008435
25,150,1.08769,-5318.02,1.846,0.445,0.387
25,151,1.67644,-5315.5088,0.7638,0.0999,0.02139
25,152,0.977345,-5315.7826,1.252,-0.413,0.3512
25,153,0.889085,-5314.3133,1.348,-0.382,0.3012
25,154,0.620879,-5312.738,1.843,-0.33,0.2346
25,155,1.00636,-5310.0552,1.673,0.528,0.6107
25,156,0.59184,-5308.2258,1.698,0.0574,0.004345
25,157,1.58314,-5305.9007,0.7553,-0.47,0.4701
25,158,0.202013,-5306.8953,1.192,0.142,0.04353
25,159,0.285592,-5303.7971,1.722,-0.208,0.0845
25,160,0.251748,-5301.0712,1.761,-0.109,0.02465
25,161,0.744421,-5298.4836,1.433,-0.397,0.3524
25,162,0.171692,-5297.3212,1.762,0.0554,0.005664
25,163,0.466568,-5294.1501,1.337,0.0572,0.006486
25,164,0.31633,-5293.0885,2.197,-0.242,0.1177
25,165,0.230997,-5289.9937,2.099,-0.109,0.02208
25,166,0.892557,-5287.1997,1.185,-0.4,0.3414
25,167,0.302336,-5287.0572,1.364,-0.241,0.1161
25,168,0.401452,-5284.6145,1.934,-0.357,0.273
25,169,0.506879,-5281.6649,1.522,-0.374,0.3042
25,170,0.235626,-5279.7411,1.932,0.261,0.1384
25,171,0.838284,-5276.2768,1.142,0.411,0.3575
25,172,0.379218,-5276.2285,1.903,-0.142,0.04237
25,173,0.236354,-5273.7473,2.183,0.0119,0.0003131
25,174,0.180535,-5270.991,2.634,-0.0896,0.01523
25,175,0.554463,-5267.7241,1.329,0.189,0.07481
25,176,0.384041,-5267.2447,1.806,-0.226,0.1023
25,177,0.70745,-5265.0395,2.161,-0.479,0.52
25,178,0.262239,-5262.6966,1.915,0.234,0.1112
25,179,0.18138,-5259.7823,2.225,-0.0263,0.001857
25,180,0.153396,-5257.0969,2.12,0.00933,6.28e-05
25,181,0.612696,-5254.4949,1.607,0.418,0.3709
25,182,0.212086,-5253.3838,2.8,-0.034,0.002846
25,183,0.255017,-5249.9329,2.146,0.0199,0.0006957
25,184,0.194199,-5247.7229,2.171,-0.0897,0.01565
25,185,0.256248,-5245.1671,2.019,0.216,0.09735
25,186,0.181579,-5242.8791,2.402,-0.0394,0.002861
25,187,0.195708,-5240.186,2.139,-0.0875,0.01508
25,188,0.117225,-5237.908,2.711,-0.111,0.02487
25,189,0.660655,-5234.4634,1.745,-0.437,0.424
25,190,1.13666,-5233.4752,1.737,0.631,1.016
25,191,0.508368,-5231.4924,1.906,0.0164,0.0004409
25,192,0.94486,-5229.7252,2.393,-0.566,0.7734
25,193,0.207527,-5227.5173,1.779,0.135,0.03631
25,194,0.147543,-5224.7278,2.188,0.00864,0.000125
25,195,0.178872,-5222.0887,2.031,0.00909,0.0001677
25,196,0.12228,-5219.9688,2.52,0.0209,0.0009321
25,197,0.208651,-5216.964,2.84,-0.203,0.08253
25,198,0.141139,-5213.9946,2.399,-0.035,0.002156
25,199,0.3354,-5211.3363,1.523,0.108,0.02425
25,200,0.294461,-5210.5503,2.564,-0.305,0.1928
25,201,0.594901,-5207.2324,1.755,-0.407,0.3589
25,202,0.281886,-5205.9653,2.05,-0.301,0.1887
25,203,0.292775,-5202.7345,1.763,-0.269,0.1505
25,204,0.122434,-5200.539,1.725,0.0253,0.001326
25,205,0.153809,-5198.0576,2.417,0.204,0.08431
25,206,0.11895,-5194.8696,2.876,0.119,0.02717
25,207,0.527643,-5191.6813,1.905,-0.366,0.2917
25,208,0.106052,-5190.6223,1.877,0.0795,0.01237
25,209,0.091093,-5187.6748,2.272,-0.00165,1.368e-05
25,210,0.0781192,-5184.9691,2.497,-0.0174,0.0006219
25,211,0.162811,-5182.0411,2.332,-0.185,0.06852
25,212,0.561139,-5179.6172,2.562,-0.473,0.4968
25,213,1.24087,-5176.8184,1.495,0.637,1.037
25,214,0.331691,-5176.036,2.696,0.145,0.04175
25,215,0.259732,-5173.0119,2.729,-0.106,0.02191
25,216,0.144978,-5170.3309,2.449,0.00923,0.000246
25,217,0.29989,-5167.6695,2.212,-0.271,0.1499
25,218,0.161675,-5165.635,2.492,0.207,0.08872
25,219,0.25954,-5162.3089,2.06,0.184,0.06863
25,220,0.104981,-5160.738,3.173,-0.0943,0.01781
25,221,0.126752,-5157.0579,2.651,0.018,0.0006368
25,222,0.197677,-5154.554,2.011,0.0735,0.01049
25,223,0.115519,-5152.9552,2.633,-0.0696,0.009892
25,224,0.151075,-5149.9343,2.985,-0.165,0.05583
25,225,0.118655,-5146.869,2.473,-0.00605,0.0001211
25,226,0.172275,-5144.3797,2.728,-0.201,0.08349
25,227,0.545289,-5141.5274,1.869,-0.416,0.3812
25,228,0.25092,-5140.2943,2.194,0.295,0.1802
25,229,0.255951,-5136.8315,2.673,0.272,0.1511
25,230,0.14853,-5134.0616,3.068,-0.0714,0.01065
25,231,0.287774,-5131.0546,1.657,0.0895,0.01563
25,232,0.161388,-5130.3211,2.48,-0.199,0.08097
25,233,0.11068,-5127.0606,2.527,-0.081,0.01291
25,234,0.0862368,-5124.2924,2.636,0.0294,0.001848
25,235,0.590212,-5121.4276,2.726,-0.473,0.4994
25,236,0.224257,-5119.2051,1.81,-0.185,0.06666
25,237,0.0945748,-5116.9796,2.036,0.00601,0.0001565
25,238,0.0446012,-5114.258,3.05,0.00215,3.342e-05
25,239,0.134687,-5110.466,2.189,-0.124,0.02953
25,240,0.0850097,-5108.6169,2.463,-0.123,0.02954
25,241,0.179922,-5105.5001,2.32,0.226,0.1053
25,242,0.286542,-5103.071,2.627,-0.296,0.1833
25,243,0.0718291,-5100.6869,2.593,-0.0474,0.004503
25,244,0.0477345,-5097.4475,3.129,0.00839,0.0001416
25,245,0.42989,-5093.9486,1.484,-0.311,0.2046
25,246,0.113546,-5093.9916,1.808,0.173,0.06057
25,247,0.198684,-5090.7061,2.461,-0.256,0.1342
25,248,0.055554,-5087.9485,2.592,0.00781,0.0001425
25,249,0.108172,-5084.5562,2.4,0.138,0.03835
25,250,0.175946,-5082.1121,2.565,-0.219,0.09888
25,251,0.138587,-5079.6119,2.121,-0.159,0.05198
25,252,0.0454034,-5077.3598,2.825,-0.0416,0.003579
25,253,0.0558192,-5073.6953,3.084,0.0804,0.01265
25,254,0.140496,-5070.3486,2.327,0.155,0.04742
25,255,0.0929976,-5068.5105,2.498,-0.0309,0.002075
25,256,0.0474371,-5065.9807,3.412,0.0173,0.0005466
25,257,0.127103,-5062.2921,2.405,0.0474,0.004326
25,258,0.121405,-5060.5739,3.157,-0.182,0.06761
25,259,0.262251,-5057.0623,2.025,-0.234,0.1118
25,260,0.0808355,-5055.7429,2.146,-0.0717,0.01003
50,1,25.7435,-26.67172,1.716e-05,1,16.44
50,2,39.1578,-62.968507,9.734e-08,1,19.05
50,3,49.311,-111.72313,5.95e-10,1,18.5
50,4,56.5144,-169.82468,1.746e-11,1,18.07
50,5,64.8348,-234.32496,1.461e-12,1,20.71
50,6,72.549,-306.20147,1.01e-13,1,21.94
50,7,77.6175,-384.43168,1.403e-14,1,20.72
50,8,81.078,-464.94928,8.696e-15,-1,14.95
50,9,84.6972,-543.54809,1.911e-16,1,19.6
50,10,89.2865,-632.34181,2.463e-17,1,21.68
50,11,93.0524,-726.89445,7.332e-18,1,22.98
50,12,95.233,-824.80568,3.277e-16,1,27.52
50,13,100.323,-917.31609,1.844e-19,1,20.49
50,14,104.323,-1020.662,1.924e-19,1,21.99
50,15,108.908,-1124.63,2.816e-20,1,19.58
50,16,111.193,-1232.0478,1.371e-21,1,21.52
50,17,110.707,-1346.0056,1.09e-21,1,21.77
50,18,106.646,-1460.1912,5.234e-19,-1,25.48
50,19,112.776,-1564.0054,2.925e-21,1,21.42
50,20,115.106,-1675.7954,5.425e-22,1,18.59
50,21,117.617,-1789.7973,1.344e-22,1,22.42
50,22,119.233,-1909.1516,4.055e-22,1,23.66
50,23,118.606,-2026.6499,9.275e-23,1,19.97
50,24,118.938,-2144.8215,2.947e-22,1,22.98
50,25,118.791,-2262.4565,1.598e-22,1,20.84
50,26,111.324,-2380.3935,2.271e-19,-1,30.65
50,27,120.468,-2488.8769,7.491e-24,1,21.69
50,28,120.883,-2613.5232,8.533e-24,1,22.93
50,29,118.739,-2738.4532,4.211e-22,-1,20.84
50,30,110.039,-2854.5149,1.162e-18,-1,34.56
50,31,121.49,-2961.781,4.231e-24,1,23.09
50,32,117.991,-3088.7378,1.179e-20,-1,31.9
50,33,125.389,-3203.9697,4.793e-25,1,21.6
50,34,125.206,-3333.7586,3.942e-23,1,25.03
50,35,123.641,-3456.3427,2.043e-24,1,21.76
50,36,118.961,-3583.3165,2.135e-21,-1,27.07
50,37,124.454,-3699.4782,3.4e-23,-1,21.81
50,38,128.665,-3821.2393,2.746e-25,1,21.7
50,39,129.893,-3952.4094,1.155e-24,1,23.41
50,40,128.559,-4081.5345,3.535e-24,1,22.43
50,41,128.588,-4208.4744,1.011e-24,1,15.65
50,42,130.899,-4334.4794,2.893e-24,1,25.02
50,43,130.567,-4463.0997,2.521e-25,1,21.51
50,44,128.64,-4594.2714,2.081e-24,-1,19.77
50,45,130.528,-4720.1893,1.497e-25,1,23
50,46,127.248,-4853.5883,2.04e-23,1,25.9
50,47,120.503,-4978.138,2.611e-21,1,30.65
50,48,130.447,-5095.7352,1.412e-24,1,23.21
50,49,132.046,-5224.418,1.676e-25,1,20.66
50,50,132.873,-5356.0706,3.4e-25,1,24.22
50,51,130.912,-5488.6103,8.76e-25,1,21.23
50,52,130.559,-5617.3892,3.871e-25,1,15.92
50,53,131.395,-5745.3246,1.077e-24,1,23.78
50,54,129.09,-5874.9272,4.207e-24,1,22.91
50,55,132.273,-6001.1081,1.536e-25,1,21.35
50,56,133.442,-6133.5491,2.699e-25,1,24.13
50,57,131.359,-6266.4105,6.456e-25,1,21.49
50,58,123.255,-6395.9955,1.256e-22,-1,24.31
50,59,129.828,-6516.1277,5.227e-25,1,16.69
50,60,131.369,-6643.6488,5.336e-25,1,22.81
50,61,130.936,-6773.983,6.099e-25,1,21.08
50,62,125.792,-6903.4937,8.147e-23,1,27.53
50,63,129.288,-7026.3657,1.544e-24,1,23.13
50,64,128.753,-7154.9568,4.561e-24,1,22.46
50,65,129.023,-7281.4837,2.268e-24,1,20.43
50,66,130.54,-7408.1059,2.49e-25,1,15.02
50,67,131.554,-7536.1962,1.83e-25,1,23.07
50,68,126.597,-7669.2256,6.842e-23,1,27.41
50,69,129.72,-7792.7588,1.1e-24,1,19.05
50,70,128.62,-7920.3226,8.923e-24,1,24.99
50,71,129.582,-8046.1718,2.001e-24,1,22.71
50,72,131.13,-8173.677,4.693e-25,1,22.4
50,73,123.788,-8304.7051,2.444e-22,-1,28.06
50,74,130.316,-8425.5514,9.537e-25,1,23.09
50,75,126.334,-8555.0041,5.824e-24,1,20.44
50,76,123.554,-8678.7698,2.986e-23,1,20.45
50,77,127.879,-8799.2212,2.715e-24,1,21.72
50,78,128.823,-8926.4855,5.793e-24,1,24.47
50,79,126.686,-9053.3243,6.106e-24,1,22.36
50,80,123.729,-9178.7672,2.263e-23,1,19.64
50,81,123.73,-9299.7751,1.45e-23,1,18.99
50,82,119.501,-9421.5199,1.23e-21,1,26.23
50,83,119.921,-9538.1954,6.16e-22,-1,23.77
50,84,121.523,-9655.3336,4.178e-24,1,21.26
50,85,107.213,-9780.454,6.358e-18,-1,35.8
50,86,100.548,-9884.8747,5.967e-16,1,40.45
50,87,117.298,-9982.6012,8.469e-22,-1,20.41
50,88,117.831,-10097.224,2.778e-21,1,26.25
50,89,120.059,-10212.316,2.267e-23,1,22.34
50,90,115.503,-10335.172,1.881e-21,-1,20.8
50,91,118.507,-10447.815,1.542e-23,0.985,6.149
50,92,119.144,-10563.725,4.998e-22,1,23.96
50,93,108.587,-10681.212,7.017e-19,-1,28.97
50,94,118.562,-10786.47,7.594e-22,1,23.46
50,95,118.789,-10902.65,5.57e-23,1,20.46
50,96,116.315,-11022.202,4.761e-21,1,25.34
50,97,112.387,-11135.91,6.102e-20,1,26.79
50,98,111.894,-11245.447,2.158e-20,-1,22.72
50,99,116.098,-11354.463,1.369e-21,1,22.3
50,100,116.01,-11468.489,1.517e-21,1,22.19
50,101,115.707,-11582.719,6.262e-22,1,19.83
50,102,108.264,-11697.189,4.122e-19,1,27.3
50,103,107.064,-11802.57,4.994e-19,1,25.97
50,104,109.078,-11906.784,9.567e-20,1,23.79
50,105,109.551,-12013.424,1.435e-20,-1,16.63
50,106,110.911,-12120.228,1.879e-21,1,21.48
50,107,101.512,-12233.455,1.956e-17,-1,28.79
50,108,106.297,-12332.066,3.756e-21,0.967,4.764
50,109,104.941,-12435.761,1.859e-19,-1,17.99
50,110,101.942,-12537.992,1.434e-17,1,28.22
50,111,98.2958,-12637.107,2.38e-16,1,32.09
50,112,109.538,-12732.509,3.248e-20,1,22.42
50,113,108.762,-12840.544,2.186e-20,1,20.6
50,114,101.28,-12948.391,1.447e-17,1,26.41
50,115,103.304,-13046.297,4.072e-19,1,19.11
50,116,104.899,-13147.195,1.397e-19,1,18.71
50,117,99.8301,-13250.3,1.407e-17,-1,24.52
50,118,104.92,-13347.16,3.329e-19,1,23.06
50,119,100.459,-13451.14,1.041e-17,1,23.35
50,120,102.656,-13548.129,7.731e-19,1,21.82
50,121,100.356,-13649.541,2.218e-18,1,19.87
50,122,99.0804,-13747.359,1.5e-17,1,22.03
50,123,103.391,-13843.058,2.733e-19,1,20.96
50,124,102.668,-13946.427,2.9e-18,1,24.42
50,125,93.8225,-14046.806,3.62e-16,1,25.84
50,126,94.9455,-14137.539,1.603e-16,1,24.87
50,127,95.7868,-14229.662,4.823e-17,-1,21.4
50,128,100.035,-14322.564,2.92e-18,1,21.74
50,129,98.0212,-14420.912,8.099e-18,1,20.7
50,130,97.7961,-14516.647,7.405e-18,1,20.63
50,131,95.712,-14612.984,1.002e-17,1,13.9
50,132,95.141,-14705.869,9.303e-18,-0.998,11.36
50,133,97.9335,-14797.744,5.768e-18,1,18.81
50,134,98.9426,-14893.187,1.185e-18,1,16.26
50,135,97.8882,-14990.099,1.236e-17,1,22.31
50,136,93.6206,-15085.889,1.152e-16,1,21.93
50,137,89.7585,-15177.053,8.603e-16,-1,20.52
50,138,93.2503,-15263.484,6.55e-17,1,21.2
50,139,87.2111,-15355.146,1.461e-14,1,26.05
50,140,93.4416,-15438.913,3.738e-17,1,20.77
50,141,92.3261,-15531.647,8.337e-17,1,19.13
50,142,88.4628,-15621.974,1.341e-16,0.999,12.2
50,143,76.3385,-15707.701,9.841e-12,-1,30.07
50,144,87.3014,-15780.346,8.729e-16,1,18.9
50,145,90.4596,-15865.465,1.847e-16,1,19.06
50,146,89.1896,-15954.533,2.244e-15,1,24.06
50,147,80.224,-16041.247,7.426e-13,1,28.6
50,148,84.0398,-16118.441,1.819e-14,1,23.26
50,149,81.2631,-16199.765,1.768e-13,1,25.71
50,150,84.4225,-16278.162,2.101e-14,1,23.76
50,151,79.7765,-16359.963,6.129e-13,-1,27.43
50,152,86.1488,-16436.82,2.431e-16,1,19.34
50,153,79.1344,-16524.427,2.269e-14,-0.999,13.08
50,154,81.3839,-16600.04,5.022e-14,1,21.02
50,155,82.7569,-16678.619,4.982e-14,1,22.65
50,156,86.921,-16758.444,2.991e-15,1,22.18
50,157,87.3199,-16843.994,8.06e-16,1,18.71
50,158,77.5471,-16929.566,1.231e-12,-1,25.71
50,159,84.2822,-17003.85,1.806e-15,1,16.24
50,160,68.1446,-17086.147,8.155e-11,1,27.48
50,161,74.4528,-17151.235,1.775e-13,0.999,12.36
50,162,79.7848,-17222.11,1.456e-14,1,18.16
50,163,75.6103,-17301.528,1.476e-12,1,23.99
50,164,75.5321,-17374.265,5.085e-13,1,21.19
50,165,50.1417,-17447.689,9.177e-05,-1,43.08
50,166,72.9339,-17494.634,5.644e-13,-1,14.94
50,167,70.0383,-17564.925,2.304e-11,1,24.16
50,168,66.2137,-17632.139,4.314e-10,1,27.43
50,169,73.2955,-17695.454,2.426e-12,1,21.84
50,170,71.906,-17766.297,1.383e-12,1,20.01
50,171,65.7432,-17837.194,3.132e-10,1,23.46
50,172,68.7447,-17899.292,2.978e-11,1,22.18
50,173,68.7552,-17965.403,1.452e-11,-1,19.03
50,174,73.0667,-18031.259,5.382e-13,1,21.19
50,175,67.1635,-18105.381,7.034e-13,0.672,0.5707
50,176,70.7932,-18168.717,7.054e-12,1,20.71
50,177,69.2436,-18236.904,3.178e-12,1,17.75
50,178,66.4651,-18304.076,5.472e-11,1,19.99
50,179,67.5892,-18367.299,2.758e-11,1,20.31
50,180,69.0585,-18432.255,5.133e-12,1,19.7
50,181,66.7554,-18500.678,1.561e-11,1,16.32
50,182,62.3006,-18564.864,8.363e-11,1,13.98
50,183,53.573,-18624.185,4.749e-07,1,28.1
50,184,66.6987,-18673.871,2.1e-11,1,19.76
50,185,66.2995,-18739.286,2.15e-11,1,18.03
50,186,63.6628,-18803.638,4.271e-11,1,15.27
50,187,59.4181,-18864.781,2.693e-10,0.999,11.42
50,188,62.0178,-18920.702,1.515e-10,1,18.13
50,189,57.1424,-18981.287,1.941e-09,1,14.38
50,190,61.1245,-19034.671,1.018e-09,1,20.73
50,191,64.3627,-19092.97,2.975e-11,1,18.86
50,192,57.3539,-19157.482,1.762e-08,1,24.74
50,193,58.0473,-19211.724,8.342e-10,1,14.36
50,194,58.2245,-19266.557,8.165e-10,1,16.52
50,195,58.4694,-19322.081,1.465e-09,1,18.17
50,196,60.2448,-19377.737,3.67e-10,1,18.36
50,197,56.582,-19436.776,2.214e-10,-0.96,5.231
50,198,57.8932,-19489.98,4.529e-10,1,15.51
50,199,47.7977,-19546.254,2.525e-06,-1,24.85
50,200,55.1788,-19590.6,1.511e-08,1,19.12
50,201,55.6264,-19642.689,6.784e-09,1,18.89
50,202,56.7769,-19695.327,4.206e-10,1,16.6
50,203,52.0864,-19752.282,2.401e-08,-1,16.4
50,204,48.8459,-19801.443,8.469e-08,-0.999,13.38
50,205,54.1582,-19846.666,2.892e-08,1,20.13
50,206,55.5325,-19898.126,3.037e-09,1,18.26
50,207,46.5732,-19952.619,1.1e-06,1,20.39
50,208,53.906,-19995.203,2.217e-09,1,17.15
50,209,51.793,-20049.16,1.619e-08,1,14.62
50,210,50.305,-20098.119,5.124e-08,1,16.26
50,211,48.4267,-20145.614,3.334e-07,1,18.6
50,212,42.2133,-20190.706,4.268e-05,-1,26.01
50,213,52.3639,-20229.639,7.013e-09,1,17.34
50,214,50.645,-20281.177,4.679e-08,1,17.2
50,215,46.7188,-20329.421,1.09e-06,1,19.4
50,216,49.492,-20372.437,7.565e-08,1,18.45
50,217,46.0828,-20420.228,1.773e-06,1,20.77
50,218,44.8308,-20462.951,3.746e-06,1,22.6
50,219,45.0306,-20504.828,1.479e-06,1,20.86
50,220,48.1685,-20546.977,3.217e-08,1,16.84
50,221,44.9973,-20595.021,2.296e-06,1,19.02
50,222,42.6241,-20636.678,4.166e-06,-1,18.23
50,223,36.2643,-20676.158,0.0007338,-1,27.21
50,224,39.1518,-20709.513,1.246e-05,-1,19.43
50,225,43.0241,-20745.806,2.088e-06,1,18.72
50,226,37.9967,-20786.3,8.402e-05,1,21.94
50,227,29.4042,-20821.404,0.02363,1,28.31
50,228,38.8427,-20847.896,0.000103,1,22.88
50,229,42.0959,-20883.731,2.117e-06,0.999,13.26
50,230,48.694,-20922.408,3.094e-08,1,14.91
50,231,43.4056,-20970.326,3.548e-07,1,15.52
50,232,37.2415,-21011.13,6.169e-07,-0.969,5.332
50,233,20.012,-21045.531,0.01643,-1,18.77
50,234,39.5244,-21061.572,3.196e-06,1,15.56
50,235,40.204,-21099.87,5.964e-06,1,15.44
50,236,39.8226,-21137.159,3.194e-06,1,14.5
50,237,39.4483,-21174.43,2.98e-06,1,14.34
50,238,36.4841,-21211.984,1.415e-05,0.999,12.08
50,239,34.6585,-21245.589,0.0003819,1,18.59
50,240,32.8246,-21276.551,0.0005378,1,20.16
50,241,34.5475,-21306.341,0.0001705,1,19.58
50,242,36.5999,-21338.026,3.19e-06,1,14.86
50,243,31.6885,-21375.106,0.001169,1,17.94
50,244,27.5578,-21403.02,0.01319,-1,22.04
50,245,33.5483,-21427.514,0.0001297,1,17.31
50,246,31.4642,-21458.611,0.0001421,-0.999,12.11
50,247,33.6818,-21487.097,1.178e-05,-0.991,7.971
50,248,25.5902,-21518.244,0.02225,1,22.01
50,249,29.0646,-21540.884,0.002327,1,18.81
50,250,26.0937,-21567.203,0.00226,-0.999,12.33
50,251,27.5509,-21590.221,0.004822,1,15.98
50,252,31.7941,-21614.069,4.68e-05,1,13.91
50,253,30.5803,-21645.568,0.0001036,0.992,8.054
50,254,30.9527,-21673.08,0.0002224,0.999,13.23
50,255,28.8193,-21701.298,0.0004316,0.999,12.64
50,256,27.8212,-21727.167,0.002955,1,16.22
50,257,29.8465,-21751.718,0.00193,1,18.19
50,258,30.7992,-21778.835,7.948e-05,-0.996,9.861
50,259,31.7152,-21806.753,6.393e-05,1,14.04
50,260,27.3111,-21836.785,0.001618,1,14.88
50,261,24.3991,-21861.285,0.07978,-1,20.25
50,262,30.009,-21882.27,0.0003337,-0.999,12.43
50,263,28.5946,-21909.467,0.000139,-0.995,9.115
50,264,29.6274,-21935.022,1.226e-05,0.925,3.63
50,265,16.0361,-21962.413,0.04991,-1,15.33
50,266,27.3179,-21975.028,0.0001222,0.992,8.263
50,267,17.647,-22000.621,0.1076,-1,14.27
50,268,17.1005,-22014.825,0.1949,1,16.06
50,269,25.2912,-22028.335,0.01387,1,18.43
50,270,27.9645,-22050.758,0.0002323,0.999,13.02
50,271,25.518,-22077.663,0.00247,0.999,13.34
50,272,22.9765,-22100.342,0.1291,1,20.69
50,273,28.2301,-22119.925,0.004857,-1,19.17
50,274,0.411404,-22145.248,0.00334,-0.207,0.07752
50,275,22.4402,-22142.597,0.002486,-0.986,7.159
50,276,24.6106,-22162.135,0.0001852,0.918,3.395
50,277,21.9643,-22184.506,0.04045,1,16.86
50,278,20.4123,-22203.308,0.004683,0.99,7.845
50,279,17.896,-22221.22,0.06851,0.999,11.69
50,280,15.3187,-22235.495,0.1737,1,14.76
50,281,23.775,-22247.688,0.001495,0.999,13.17
50,282,19.0772,-22271.211,0.04236,0.999,12.11
50,283,18.1416,-22286.734,0.1801,1,16.41
50,284,15.4753,-22301.831,0.1225,0.999,13.44
50,285,13.3526,-22314.369,0.2177,0.999,11.97
50,286,22.5536,-22324.155,0.004146,0.998,10.48
50,287,22.854,-22345.208,0.0001682,-0.544,0.8798
50,288,17.5576,-22365.735,0.131,-1,15.41
50,289,11.7048,-22380.335,0.247,-0.997,10.3
50,290,7.42311,-22388.548,0.1394,0.983,6.615
50,291,19.4973,-22392.457,0.04007,1,14.04
50,292,18.4279,-22409.748,0.198,1,16.81
50,293,21.1293,-22425.034,0.002631,0.997,10.26
50,294,6.38572,-22444.139,0.07093,0.976,5.872
50,295,11.9755,-22447.29,0.2442,0.998,11.09
50,296,12.4199,-22456.369,0.3518,-0.997,9.658
50,297,15.8104,-22465.713,0.3205,0.999,12.57
50,298,24.6923,-22477.837,0.0002721,0.996,9.507
50,299,1.31363,-22503.279,0.0253,-0.587,0.7559
50,300,13.0435,-22501.307,0.3673,0.997,10.07
50,301,14.517,-22510.824,0.08733,0.997,10.2
50,302,9.28887,-22522.804,0.3049,-0.994,8.704
50,303,10.8742,-22529.011,0.2324,0.998,10.56
50,304,12.396,-22536.998,0.2016,-0.997,10.04
50,305,8.93727,-22546.615,0.1963,-0.994,8.657
50,306,9.0884,-22552.604,0.2502,0.99,7.614
50,307,10.4008,-22558.353,0.2447,0.969,5.594
50,308,5.83136,-22565.816,0.3243,0.962,5.051
50,309,14.4641,-22568.237,0.1539,0.998,11.34
50,310,14.4588,-22580.729,0.09274,0.996,9.512
50,311,10.0536,-22592.887,0.2684,0.986,7.032
50,312,11.1881,-22599.636,0.3008,-0.991,7.94
50,313,6.01524,-22607.979,0.3112,0.965,5.234
50,314,7.58029,-22610.775,0.4377,0.866,2.6
50,315,12.4256,-22614.831,0.04142,0.977,5.989
50,316,10.4051,-22626.577,0.2054,-0.963,5.207
50,317,10.3956,-22634.019,0.116,0.781,1.769
50,318,5.9824,-22641.268,0.5082,0.954,4.687
50,319,7.47056,-22643.757,0.5381,-0.981,6.446
50,320,7.027,-22648.388,0.3472,-0.983,6.679
50,321,9.0651,-22652.445,0.2566,0.987,7.133
50,322,8.79474,-22658.691,0.239,-0.934,4.132
50,323,7.10129,-22664.994,0.6058,-0.968,5.442
50,324,4.9485,-22669.05,0.5804,0.706,1.247
50,325,7.53112,-22670.318,0.6204,0.983,6.679
50,326,5.15888,-22674.985,0.3199,-0.959,4.8
50,327,14.9828,-22677.122,0.04301,0.998,10.65
50,328,1.22501,-22692.181,0.2898,-0.071,0.01014
50,329,1.64495,-22689.461,0.7352,-0.583,0.7698
50,330,6.42042,-22687.659,0.2247,0.188,0.04489
50,331,4.61632,-22691.923,0.6727,0.671,1.085
50,332,7.43429,-22693.003,0.4052,0.959,4.854
50,333,6.92412,-22698.368,0.5969,0.946,4.375
50,334,5.88335,-22702.271,0.6722,0.956,4.774
50,335,7.40088,-22704.97,0.5577,0.971,5.687
50,336,3.06002,-22709.412,0.7585,0.14,0.0377
50,337,9.14175,-22708.955,0.03903,-0.145,0.08802
50,338,3.09074,-22717.353,0.4617,-0.857,2.542
50,339,5.9287,-22717.318,0.571,-0.828,2.31
50,340,2.85215,-22720.255,0.7294,0.741,1.526
50,341,3.83167,-22719.486,0.4947,0.916,3.497
50,342,0.934117,-22720.401,0.4977,0.524,0.6295
50,343,3.8952,-22718.23,0.8476,-0.877,2.852
50,344,8.3799,-22719.642,0.7687,-0.99,7.704
50,345,1.49933,-22725.376,0.3061,0.671,1.165
50,346,0.802485,-22723.788,1.367,-0.199,0.08624
50,347,3.22119,-22720.674,0.9397,0.869,2.742
50,348,2.10823,-22721.19,0.7742,-0.758,1.623
50,349,4.86852,-22720.408,0.6702,0.945,4.338
50,350,5.56836,-22722.634,1.123,0.954,4.814
50,351,4.87909,-22724.775,0.3678,-0.765,1.697
50,352,1.40356,-22727.958,0.9433,-0.493,0.5128
50,353,1.67509,-22725.841,1.121,0.504,0.5137
50,354,0.516449,-22724.236,0.9002,-0.246,0.1167
50,355,5.89551,-22721.665,0.745,0.968,5.354
50,356,1.98465,-22725.604,0.7704,0.697,1.256
50,357,1.46769,-22724.34,1.159,0.653,1.105
50,358,0.703491,-22722.231,1.584,0.0245,0.001019
50,359,2.78282,-22719.684,0.7802,0.571,0.7098
50,360,1.31879,-22720.94,1.442,0.212,0.07517
50,361,3.57537,-22718.739,0.9927,0.884,2.899
50,362,1.44983,-22719.892,0.8004,0.624,0.9198
50,363,0.258067,-22718.254,0.8289,-0.0256,0.0007591
50,364,0.20307,-22715.471,1.453,0.114,0.0284
50,365,0.412193,-22711.862,1.596,0.132,0.0318
50,366,3.60093,-22709.298,0.3982,0.558,0.6618
50,367,1.43958,-22712.954,1.252,-0.382,0.3034
50,368,0.761954,-22710.95,1.399,-0.243,0.1296
50,369,0.729841,-22708.301,1.099,-0.459,0.4451
50,370,0.360213,-22706.209,1.46,0.314,0.2097
50,371,1.0738,-22702.641,0.8998,0.00415,0.000213
50,372,0.597678,-22702.532,1.983,-0.22,0.09929
50,373,1.82135,-22699.591,1.007,0.25,0.1027
50,374,0.84037,-22699.847,2.03,-0.103,0.027
50,375,0.45781,-22697.027,2.178,0.102,0.01848
50,376,0.664109,-22693.831,1.438,-0.041,0.002349
50,377,1.96624,-22692.31,1.305,-0.689,1.228
50,378,0.274649,-22692.322,1.522,-0.0578,0.0046
50,379,0.510235,-22688.958,1.828,0.0194,0.0002693
50,380,0.730412,-22686.57,1.96,-0.381,0.3258
50,381,0.489053,-22684.128,1.64,0.368,0.2792
50,382,0.175614,-22681.412,2.112,-0.0148,0.0003652
50,383,1.181,-22677.896,0.6904,-0.236,0.09865
50,384,0.172591,-22679.066,1.381,-0.0177,0.0002082
50,385,0.273792,-22675.814,2.209,-0.146,0.04089
50,386,0.372655,-22672.631,2.586,0.253,0.1263
50,387,1.05643,-22669.394,1.603,-0.279,0.1783
50,388,0.933683,-22668.53,1.565,-0.489,0.5482
50,389,0.250287,-22666.878,1.751,-0.106,0.02192
50,390,0.226115,-22663.854,2.384,-0.107,0.02098
50,391,0.764188,-22660.528,1.574,0.269,0.1558
50,392,1.32354,-22659.493,2.759,-0.604,0.8929
50,393,0.479392,-22657.123,2.041,-0.212,0.09084
50,394,1.24063,-22654.411,1.39,-0.471,0.5111
50,395,1.88169,-22653.908,1.325,-0.731,1.533
50,396,0.143522,-22653.303,1.548,0.0883,0.01546
50,397,0.742243,-22649.335,1.723,-0.478,0.5148
50,398,0.200316,-22647.235,1.671,0.0652,0.008937
50,399,0.22626,-22644.238,2.145,-0.077,0.01073
50,400,0.416359,-22641.364,1.889,-0.194,0.07303
50,401,0.289801,-22639.376,2.147,-0.157,0.04885
50,402,0.264005,-22636.566,2.193,-0.0836,0.01475
50,403,0.440832,-22633.852,2.35,-0.336,0.2437
50,404,0.114883,-22631.059,2.556,-0.0861,0.01539
50,405,1.48394,-22627.1,0.5415,0.196,0.07298
50,406,0.619024,-22629.646,1.394,0.477,0.5141
50,407,0.260318,-22626.476,1.944,0.111,0.02425
50,408,0.196683,-22623.819,2.356,-0.0417,0.0033
50,409,0.261793,-22620.823,2.284,-0.179,0.06338
50,410,0.135911,-22618.144,2.579,0.0255,0.001454
50,411,0.245292,-22614.722,2.344,0.0935,0.01763
50,412,0.505334,-22612.24,1.782,-0.0977,0.01982
50,413,0.263492,-22610.947,2.503,-0.163,0.05436
50,414,0.178282,-22607.711,3.236,0.0908,0.01585
50,415,0.475471,-22603.925,2.074,0.0339,0.001869
50,416,0.311147,-22602.31,2.343,-0.132,0.03578
50,417,0.912584,-22599.553,1.325,-0.372,0.2956
50,418,0.505138,-22599.319,2.016,-0.429,0.4044
50,419,0.397179,-22595.895,1.696,-0.337,0.2376
50,420,0.19852,-22593.425,1.803,0.199,0.08151
50,421,0.252786,-22590.427,2.69,-0.285,0.169
50,422,0.590254,-22586.827,1.88,0.448,0.4466
50,423,0.883444,-22584.729,1.322,0.3,0.1833
50,424,0.621861,-22584.485,2.544,-0.419,0.388
50,425,0.175486,-22581.4,2.51,0.0988,0.01896
50,426,0.161269,-22578.004,2.718,-0.00958,0.0002449
50,427,0.321267,-22574.861,2.135,0.231,0.1082
50,428,0.228934,-22572.744,2.499,-0.00476,4.886e-05
50,429,0.309926,-22569.999,2.564,-0.247,0.1241
50,430,0.662329,-22567.263,2.485,0.485,0.5379
50,431,0.366562,-22564.605,2.731,-0.0419,0.003461
50,432,0.167992,-22561.915,2.829,-0.021,0.000871
50,433,0.68322,-22558.665,2.365,-0.465,0.4878
50,434,1.19008,-22556.692,1.614,0.625,0.9893
50,435,0.331131,-22555.392,2.683,0.0913,0.01602
50,436,0.16447,-22552.29,3.053,-0.0449,0.004339
50,437,0.346115,-22548.77,2.159,0.264,0.1411
50,438,0.196417,-22546.706,2.858,-0.108,0.02375
50,439,0.628219,-22543.481,2.14,-0.436,0.4194
50,440,0.347024,-22541.744,2.044,0.333,0.2342
50,441,0.412242,-22538.684,1.916,-0.273,0.1525
50,442,0.0888776,-22537.006,2.516,0.089,0.01631
50,443,0.225557,-22533.136,2.664,-0.247,0.1242
50,444,0.755054,-22530.15,1.777,-0.5,0.5698
50,445,0.133878,-22528.817,1.642,-0.0114,0.0002037
50,446,0.106395,-22525.842,2.159,-0.0608,0.007315
50,447,0.154735,-22522.762,2.639,-0.191,0.07457
50,448,0.242273,-22519.368,2.428,0.256,0.1353
50,449,0.391858,-22516.481,2.565,-0.307,0.1987
50,450,0.121011,-22514.134,2.855,-0.128,0.03331
50,451,0.680005,-22510.363,1.288,0.329,0.2265
50,452,0.242064,-22510.468,2.14,-0.166,0.05624
50,453,1.1081,-22507.51,2.858,-0.615,0.9508
50,454,0.146576,-22505.153,2.221,0.0345,0.002439
50,455,0.13961,-22501.635,2.457,0.0289,0.001759
50,456,0.2496,-22498.727,1.83,0.0294,0.001845
50,457,0.305017,-22497.197,2.614,-0.31,0.2011
50,458,0.2378,-22494.019,2.279,-0.234,0.1127
50,459,0.119343,-22491.283,2.212,-0.0811,0.0132
50,460,0.110344,-22488.361,2.918,-0.16,0.05158
50,461,0.256574,-22484.584,2.297,-0.274,0.1559
50,462,0.52037,-22482.042,1.965,0.431,0.4086
50,463,0.256212,-22479.787,2.634,0.195,0.07619
50,464,0.155501,-22476.965,3,0.0124,0.0002286
50,465,0.344095,-22473.812,3.252,-0.336,0.2402
50,466,1.46981,-22470.572,2.29,0.699,1.329
50,467,1.9969,-22469.21,2.115,-0.579,0.8267
50,468,0.356992,-22468.671,1.751,-0.237,0.1159
50,469,0.276927,-22465.974,2.024,-0.22,0.09792
50,470,0.123104,-22463.422,2.636,-0.122,0.02924
50,471,0.13732,-22459.843,2.964,0.16,0.0527
50,472,0.156199,-22456.323,2.869,-0.0833,0.01348
50,473,0.883625,-22453.507,1.421,-0.473,0.4994
50,474,0.15354,-22453.622,1.745,0.187,0.07224
50,475,0.599233,-22450.118,2.489,-0.475,0.5095
50,476,0.218735,-22447.399,2.003,0.223,0.1021
50,477,0.086968,-22444.371,2.746,-0.0153,0.0004741
50,478,0.0910036,-22440.97,2.535,0.0168,0.0005074
50,479,0.0843752,-22438.089,2.597,-0.0255,0.001441
50,480,0.279495,-22435.13,2.284,0.294,0.1778
50,481,0.123684,-22432.873,3.144,-0.0294,0.002016
50,482,0.163438,-22429.495,3.239,-0.193,0.07634
50,483,0.138326,-22426.13,2.582,-0.147,0.04375
50,484,0.22393,-22423.29,2.318,0.257,0.1355
50,485,0.193739,-22420.675,2.612,-0.183,0.06758
50,486,0.263605,-22418.041,3.176,0.318,0.2128
50,487,0.385831,-22414.281,2.697,0.3,0.1879
50,488,0.274395,-22412.099,3.088,0.148,0.04429
50,489,0.257359,-22409.156,3.683,-0.179,0.065
50,490,0.805506,-22405.764,1.327,-0.248,0.1247
50,491,0.303503,-22406.181,1.99,0.324,0.2221
50,492,0.286715,-22402.66,2.638,0.24,0.1199
50,493,0.697786,-22400,3.063,-0.467,0.4891
50,494,0.127052,-22397.565,2.581,-0.0508,0.005076
50,495,0.142085,-22394.163,2.377,0.0321,0.002041
50,496,0.123002,-22391.704,2.596,-0.0804,0.0131
50,497,0.505411,-22388.888,2.719,-0.431,0.4126
50,498,0.341005,-22386.296,2.213,0.327,0.2255
50,499,0.163915,-22383.486,3.417,-0.188,0.07254
50,500,0.120674,-22379.807,2.71,0.122,0.02921
50,501,0.36535,-22376.839,2.46,-0.342,0.2491
50,502,0.649612,-22374.684,2.065,0.491,0.5486
50,503,0.15492,-22372.46,3.309,0.0158,0.0004195
50,504,0.127216,-22368.926,3.073,-0.103,0.02121
50,505,0.136924,-22365.799,2.712,0.161,0.05256
50,506,0.0908255,-22362.897,3.509,0.108,0.02332
50,507,0.194252,-22359.224,2.374,0.0884,0.01591
50,508,0.274618,-22357.443,2.248,-0.244,0.1215
50,509,0.248447,-22355.316,2.806,-0.295,0.181
50,510,0.130528,-22351.905,2.679,0.153,0.04819
50,511,0.312052,-22348.682,3.549,-0.342,0.2478
50,512,0.88576,-22345.212,2.063,0.55,0.7204
50,513,0.36903,-22343.848,2.675,0.0279,0.001577
50,514,0.438562,-22341.377,3.103,-0.331,0.2318
50,515,0.11809,-22338.559,2.95,0.00563,6.462e-05
50,516,0.124866,-22335.171,2.901,0.0267,0.001397
50,517,0.193174,-22332.352,3.309,-0.225,0.1043
50,518,0.281832,-22329.072,2.454,-0.27,0.1517
50,519,0.432669,-22326.789,1.967,-0.371,0.296
50,520,0.369338,-22324.817,2.464,0.374,0.3012
