# minimal even eigenvector as a function on the centred window log u in [-L/2, L/2], unit L^2(d*u) norm;
# recomputed (multiprecision midpoint inverse iteration on zst's even block); Rayleigh quotient = certified eps
x,N,log_u,xi(u)
13,60,-1.282474679,-1.251061662e-17
13,60,-1.269649932,-3.409764566e-17
13,60,-1.256825185,3.675619507e-17
13,60,-1.244000438,5.560518585e-17
13,60,-1.231175692,-1.485074292e-17
13,60,-1.218350945,7.062086336e-17
13,60,-1.205526198,6.484125501e-18
13,60,-1.192701451,-3.526845604e-17
13,60,-1.179876704,8.571247693e-16
13,60,-1.167051958,3.428730472e-15
13,60,-1.154227211,1.711392162e-14
13,60,-1.141402464,7.68614819e-14
13,60,-1.128577717,3.137403812e-13
13,60,-1.11575297,1.177851491e-12
13,60,-1.102928224,4.090119344e-12
13,60,-1.090103477,1.325172616e-11
13,60,-1.07727873,4.031620969e-11
13,60,-1.064453983,1.158007312e-10
13,60,-1.051629237,3.154995303e-10
13,60,-1.03880449,8.186796097e-10
13,60,-1.025979743,2.030554268e-09
13,60,-1.013154996,4.829230247e-09
13,60,-1.000330249,1.104406918e-08
13,60,-0.9875055026,2.43480991e-08
13,60,-0.9746807558,5.186481017e-08
13,60,-0.961856009,1.069657646e-07
13,60,-0.9490312623,2.139890856e-07
13,60,-0.9362065155,4.159607184e-07
13,60,-0.9233817687,7.868704823e-07
13,60,-0.9105570219,1.450659577e-06
13,60,-0.8977322751,2.609823814e-06
13,60,-0.8849075283,4.587423192e-06
13,60,-0.8720827815,7.887291777e-06
13,60,-0.8592580347,1.327831852e-05
13,60,-0.846433288,2.190975066e-05
13,60,-0.8336085412,3.54654616e-05
13,60,-0.8207837944,5.63659045e-05
13,60,-0.8079590476,8.802690255e-05
13,60,-0.7951343008,0.0001351843553
13,60,-0.782309554,0.0002042932191
13,60,-0.7694848072,0.0003040076155
13,60,-0.7566600605,0.0004457465258
13,60,-0.7438353137,0.0006443462001
13,60,-0.7310105669,0.0009187961344
13,60,-0.7181858201,0.001293050345
13,60,-0.7053610733,0.001796899843
13,60,-0.6925363265,0.00246688592
13,60,-0.6797115797,0.003347227412
13,60,-0.6668868329,0.004490728872
13,60,-0.6540620862,0.005959630935
13,60,-0.6412373394,0.007826359563
13,60,-0.6284125926,0.01017412765
13,60,-0.6155878458,0.01309734106
13,60,-0.602763099,0.01670176173
13,60,-0.5899383522,0.02110438344
13,60,-0.5771136054,0.02643298085
13,60,-0.5642888586,0.03282530002
13,60,-0.5514641119,0.0404278679
13,60,-0.5386393651,0.04939440967
13,60,-0.5258146183,0.05988387541
13,60,-0.5129898715,0.07205809109
13,60,-0.5001651247,0.08607906262
13,60,-0.4873403779,0.1021059753
13,60,-0.4745156311,0.1202919437
13,60,-0.4616908843,0.1407805784
13,60,-0.4488661376,0.1637024452
13,60,-0.4360413908,0.1891714999
13,60,-0.423216644,0.2172815851
13,60,-0.4103918972,0.2481030797
13,60,-0.3975671504,0.2816797867
13,60,-0.3847424036,0.3180261453
13,60,-0.3719176568,0.3571248421
13,60,-0.35909291,0.3989248912
13,60,-0.3462681633,0.443340239
13,60,-0.3334434165,0.4902489375
13,60,-0.3206186697,0.5394929172
13,60,-0.3077939229,0.5908783737
13,60,-0.2949691761,0.6441767696
13,60,-0.2821444293,0.6991264377
13,60,-0.2693196825,0.7554347575
13,60,-0.2564949357,0.8127808658
13,60,-0.243670189,0.8708188497
13,60,-0.2308454422,0.9291813617
13,60,-0.2180206954,0.9874835899
13,60,-0.2051959486,1.04532751
13,60,-0.1923712018,1.102306345
13,60,-0.179546455,1.15800915
13,60,-0.1667217082,1.212025462
13,60,-0.1538969614,1.263949916
13,60,-0.1410722147,1.313386791
13,60,-0.1282474679,1.3599544
13,60,-0.1154227211,1.403289272
13,60,-0.1025979743,1.443050097
13,60,-0.08977322751,1.478921359
13,60,-0.07694848072,1.510616666
13,60,-0.06412373394,1.537881707
13,60,-0.05129898715,1.560496857
13,60,-0.03847424036,1.578279387
13,60,-0.02564949357,1.591085281
13,60,-0.01282474679,1.598810654
13,60,0.0,1.601392772
13,60,0.01282474679,1.598810654
13,60,0.02564949357,1.591085281
13,60,0.03847424036,1.578279387
13,60,0.05129898715,1.560496857
13,60,0.06412373394,1.537881707
13,60,0.07694848072,1.510616666
13,60,0.08977322751,1.478921359
13,60,0.1025979743,1.443050097
13,60,0.1154227211,1.403289272
13,60,0.1282474679,1.3599544
13,60,0.1410722147,1.313386791
13,60,0.1538969614,1.263949916
13,60,0.1667217082,1.212025462
13,60,0.179546455,1.15800915
13,60,0.1923712018,1.102306345
13,60,0.2051959486,1.04532751
13,60,0.2180206954,0.9874835899
13,60,0.2308454422,0.9291813617
13,60,0.243670189,0.8708188497
13,60,0.2564949357,0.8127808658
13,60,0.2693196825,0.7554347575
13,60,0.2821444293,0.6991264377
13,60,0.2949691761,0.6441767696
13,60,0.3077939229,0.5908783737
13,60,0.3206186697,0.5394929172
13,60,0.3334434165,0.4902489375
13,60,0.3462681633,0.443340239
13,60,0.35909291,0.3989248912
13,60,0.3719176568,0.3571248421
13,60,0.3847424036,0.3180261453
13,60,0.3975671504,0.2816797867
13,60,0.4103918972,0.2481030797
13,60,0.423216644,0.2172815851
13,60,0.4360413908,0.1891714999
13,60,0.4488661376,0.1637024452
13,60,0.4616908843,0.1407805784
13,60,0.4745156311,0.1202919437
13,60,0.4873403779,0.1021059753
13,60,0.5001651247,0.08607906262
13,60,0.5129898715,0.07205809109
13,60,0.5258146183,0.05988387541
13,60,0.5386393651,0.04939440967
13,60,0.5514641119,0.0404278679
13,60,0.5642888586,0.03282530002
13,60,0.5771136054,0.02643298085
13,60,0.5899383522,0.02110438344
13,60,0.602763099,0.01670176173
13,60,0.6155878458,0.01309734106
13,60,0.6284125926,0.01017412765
13,60,0.6412373394,0.007826359563
13,60,0.6540620862,0.005959630935
13,60,0.6668868329,0.004490728872
13,60,0.6797115797,0.003347227412
13,60,0.6925363265,0.00246688592
13,60,0.7053610733,0.001796899843
13,60,0.7181858201,0.001293050345
13,60,0.7310105669,0.0009187961344
13,60,0.7438353137,0.0006443462001
13,60,0.7566600605,0.0004457465258
13,60,0.7694848072,0.0003040076155
13,60,0.782309554,0.0002042932191
13,60,0.7951343008,0.0001351843553
13,60,0.8079590476,8.802690255e-05
13,60,0.8207837944,5.63659045e-05
13,60,0.8336085412,3.54654616e-05
13,60,0.846433288,2.190975066e-05
13,60,0.8592580347,1.327831852e-05
13,60,0.8720827815,7.887291777e-06
13,60,0.8849075283,4.587423192e-06
13,60,0.8977322751,2.609823814e-06
13,60,0.9105570219,1.450659577e-06
13,60,0.9233817687,7.868704823e-07
13,60,0.9362065155,4.159607184e-07
13,60,0.9490312623,2.139890856e-07
13,60,0.961856009,1.069657646e-07
13,60,0.9746807558,5.186481024e-08
13,60,0.9875055026,2.434809938e-08
13,60,1.000330249,1.104406896e-08
13,60,1.013154996,4.829230379e-09
13,60,1.025979743,2.03055417e-09
13,60,1.03880449,8.186795532e-10
13,60,1.051629237,3.154998365e-10
13,60,1.064453983,1.158011059e-10
13,60,1.07727873,4.031620969e-11
13,60,1.090103477,1.325172616e-11
13,60,1.102928224,4.090119344e-12
13,60,1.11575297,1.177851491e-12
13,60,1.128577717,3.137403812e-13
13,60,1.141402464,7.68614819e-14
13,60,1.154227211,1.702504467e-14
13,60,1.167051958,3.379298856e-15
13,60,1.179876704,7.3946534e-16
13,60,1.192701451,1.874264945e-16
13,60,1.205526198,7.217967415e-17
13,60,1.218350945,-1.249160883e-16
13,60,1.231175692,9.268616981e-17
13,60,1.244000438,5.560518585e-17
13,60,1.256825185,3.675619507e-17
13,60,1.269649932,-3.409764566e-17
13,60,1.282474679,-1.251061662e-17
25,150,-1.609437912,-5.287034421e-17
25,150,-1.593343533,-2.861593548e-17
25,150,-1.577249154,-1.395075222e-16
25,150,-1.561154775,-8.893138308e-18
25,150,-1.545060396,7.29018336e-17
25,150,-1.528966017,1.059308735e-16
25,150,-1.512871638,9.498580505e-17
25,150,-1.496777259,-1.489909103e-16
25,150,-1.480682879,-9.112457078e-17
25,150,-1.4645885,-8.817070314e-17
25,150,-1.448494121,-1.125632311e-16
25,150,-1.432399742,1.53636904e-17
25,150,-1.416305363,1.510194111e-17
25,150,-1.400210984,4.306218752e-16
25,150,-1.384116605,-2.048897756e-16
25,150,-1.368022226,-2.236197143e-16
25,150,-1.351927846,5.019182374e-17
25,150,-1.335833467,1.405542946e-17
25,150,-1.319739088,-1.280219133e-16
25,150,-1.303644709,1.035680167e-16
25,150,-1.28755033,2.389362756e-16
25,150,-1.271455951,1.650742066e-16
25,150,-1.255361572,1.123831015e-15
25,150,-1.239267193,5.350267287e-15
25,150,-1.223172813,2.448798499e-14
25,150,-1.207078434,1.034372209e-13
25,150,-1.190984055,4.113119312e-13
25,150,-1.174889676,1.537668909e-12
25,150,-1.158795297,5.416971429e-12
25,150,-1.142700918,1.804048153e-11
25,150,-1.126606539,5.696773401e-11
25,150,-1.11051216,1.710549704e-10
25,150,-1.09441778,4.896734145e-10
25,150,-1.078323401,1.339665227e-09
25,150,-1.062229022,3.510641423e-09
25,150,-1.046134643,8.830639186e-09
25,150,-1.030040264,2.136327099e-08
25,150,-1.013945885,4.979809774e-08
25,150,-0.9978515057,1.120408355e-07
25,150,-0.9817571266,2.437034729e-07
25,150,-0.9656627475,5.132511215e-07
25,150,-0.9495683683,1.048100948e-06
25,150,-0.9334739892,2.078106382e-06
25,150,-0.9173796101,4.005689511e-06
25,150,-0.901285231,7.515440431e-06
25,150,-0.8851908518,1.374021946e-05
25,150,-0.8690964727,2.450547099e-05
25,150,-0.8530020936,4.267820361e-05
25,150,-0.8369077145,7.265132976e-05
25,150,-0.8208133353,0.0001209970198
25,150,-0.8047189562,0.000197323488
25,150,-0.7886245771,0.0003153672027
25,150,-0.772530198,0.0004943459528
25,150,-0.7564358188,0.0007605867584
25,150,-0.7403414397,0.001149425872
25,150,-0.7242470606,0.001707356175
25,150,-0.7081526815,0.002494370799
25,150,-0.6920583023,0.003586422177
25,150,-0.6759639232,0.005077884868
25,150,-0.6598695441,0.007083880994
25,150,-0.643775165,0.009742301704
25,150,-0.6276807858,0.01321533982
25,150,-0.6115864067,0.01769034027
25,150,-0.5954920276,0.02337977851
25,150,-0.5793976485,0.03052019402
25,150,-0.5633032694,0.03936993702
25,150,-0.5472088902,0.05020563056
25,150,-0.5311145111,0.06331730587
25,150,-0.515020132,0.07900223322
25,150,-0.4989257529,0.09755753954
25,150,-0.4828313737,0.1192717743
25,150,-0.4667369946,0.1444156514
25,150,-0.4506426155,0.1732322529
25,150,-0.4345482364,0.2059270264
25,150,-0.4184538572,0.2426579407
25,150,-0.4023594781,0.2835261752
25,150,-0.386265099,0.3285677171
25,150,-0.3701707199,0.3777462169
25,150,-0.3540763407,0.4309474121
25,150,-0.3379819616,0.4879753772
25,150,-0.3218875825,0.5485507892
25,150,-0.3057932034,0.6123113274
25,150,-0.2896988242,0.6788142461
25,150,-0.2736044451,0.7475410804
25,150,-0.257510066,0.8179043742
25,150,-0.2414156869,0.8892562482
25,150,-0.2253213077,0.9608985724
25,150,-0.2092269286,1.03209446
25,150,-0.1931325495,1.10208077
25,150,-0.1770381704,1.170081286
25,150,-0.1609437912,1.235320243
25,150,-0.1448494121,1.297035861
25,150,-0.128755033,1.3544936
25,150,-0.1126606539,1.406998842
25,150,-0.09656627475,1.453908765
25,150,-0.08047189562,1.494643196
25,150,-0.0643775165,1.528694288
25,150,-0.04828313737,1.555634873
25,150,-0.03218875825,1.575125402
25,150,-0.01609437912,1.586919412
25,150,-2.220446049e-16,1.590867442
25,150,0.01609437912,1.586919412
25,150,0.03218875825,1.575125402
25,150,0.04828313737,1.555634873
25,150,0.0643775165,1.528694288
25,150,0.08047189562,1.494643196
25,150,0.09656627475,1.453908765
25,150,0.1126606539,1.406998842
25,150,0.128755033,1.3544936
25,150,0.1448494121,1.297035861
25,150,0.1609437912,1.235320243
25,150,0.1770381704,1.170081286
25,150,0.1931325495,1.10208077
25,150,0.2092269286,1.03209446
25,150,0.2253213077,0.9608985724
25,150,0.2414156869,0.8892562482
25,150,0.257510066,0.8179043742
25,150,0.2736044451,0.7475410804
25,150,0.2896988242,0.6788142461
25,150,0.3057932034,0.6123113274
25,150,0.3218875825,0.5485507892
25,150,0.3379819616,0.4879753772
25,150,0.3540763407,0.4309474121
25,150,0.3701707199,0.3777462169
25,150,0.386265099,0.3285677171
25,150,0.4023594781,0.2835261752
25,150,0.4184538572,0.2426579407
25,150,0.4345482364,0.2059270264
25,150,0.4506426155,0.1732322529
25,150,0.4667369946,0.1444156514
25,150,0.4828313737,0.1192717743
25,150,0.4989257529,0.09755753954
25,150,0.515020132,0.07900223322
25,150,0.5311145111,0.06331730587
25,150,0.5472088902,0.05020563056
25,150,0.5633032694,0.03936993702
25,150,0.5793976485,0.03052019402
25,150,0.5954920276,0.02337977851
25,150,0.6115864067,0.01769034027
25,150,0.6276807858,0.01321533982
25,150,0.643775165,0.009742301704
25,150,0.6598695441,0.007083880994
25,150,0.6759639232,0.005077884868
25,150,0.6920583023,0.003586422177
25,150,0.7081526815,0.002494370799
25,150,0.7242470606,0.001707356175
25,150,0.7403414397,0.001149425872
25,150,0.7564358188,0.0007605867584
25,150,0.772530198,0.0004943459528
25,150,0.7886245771,0.0003153672027
25,150,0.8047189562,0.000197323488
25,150,0.8208133353,0.0001209970198
25,150,0.8369077145,7.265132976e-05
25,150,0.8530020936,4.267820361e-05
25,150,0.8690964727,2.450547099e-05
25,150,0.8851908518,1.374021946e-05
25,150,0.901285231,7.515440431e-06
25,150,0.9173796101,4.005689511e-06
25,150,0.9334739892,2.078106382e-06
25,150,0.9495683683,1.048100949e-06
25,150,0.9656627475,5.132511214e-07
25,150,0.9817571266,2.43703473e-07
25,150,0.9978515057,1.120408355e-07
25,150,1.013945885,4.979809783e-08
25,150,1.030040264,2.136327117e-08
25,150,1.046134643,8.830639182e-09
25,150,1.062229022,3.510641476e-09
25,150,1.078323401,1.339665297e-09
25,150,1.09441778,4.896735208e-10
25,150,1.11051216,1.710550451e-10
25,150,1.126606539,5.696762605e-11
25,150,1.142700918,1.80405027e-11
25,150,1.158795297,5.41706925e-12
25,150,1.174889676,1.537668909e-12
25,150,1.190984055,4.112806363e-13
25,150,1.207078434,1.033180797e-13
25,150,1.223172813,2.414529255e-14
25,150,1.239267193,5.276988685e-15
25,150,1.255361572,1.123831015e-15
25,150,1.271455951,1.655255802e-16
25,150,1.28755033,1.218050234e-16
25,150,1.303644709,2.019055016e-16
25,150,1.319739088,-1.850057489e-17
25,150,1.335833467,-1.197499116e-16
25,150,1.351927846,5.019182374e-17
25,150,1.368022226,3.463536313e-16
25,150,1.384116605,2.713461596e-16
25,150,1.400210984,-2.168631495e-16
25,150,1.416305363,5.420820484e-18
25,150,1.432399742,1.53636904e-17
25,150,1.448494121,-2.782368378e-16
25,150,1.4645885,-3.153491586e-16
25,150,1.480682879,-3.321267391e-16
25,150,1.496777259,-6.903213756e-17
25,150,1.512871638,9.498580505e-17
25,150,1.528966017,-2.892377402e-17
25,150,1.545060396,-9.293417588e-17
25,150,1.561154775,-1.627650435e-16
25,150,1.577249154,-1.54245958e-16
25,150,1.593343533,-2.861593548e-17
25,150,1.609437912,-5.287034421e-17
50,360,-1.956011503,-3.440709031e-17
50,360,-1.936451388,-7.623248716e-17
50,360,-1.916891273,4.053009213e-17
50,360,-1.897331158,-1.06085949e-16
50,360,-1.877771043,6.440147496e-17
50,360,-1.858210928,-6.311922016e-17
50,360,-1.838650813,-2.231610753e-17
50,360,-1.819090698,-2.648024911e-16
50,360,-1.799530582,-4.39453231e-19
50,360,-1.779970467,-2.695518861e-18
50,360,-1.760410352,-6.925635301e-17
50,360,-1.740850237,3.882285169e-16
50,360,-1.721290122,-3.606534583e-16
50,360,-1.701730007,-4.518070649e-17
50,360,-1.682169892,-1.627542453e-16
50,360,-1.662609777,1.23195838e-16
50,360,-1.643049662,3.987915656e-17
50,360,-1.623489547,1.615033561e-16
50,360,-1.603929432,-3.707962994e-16
50,360,-1.584369317,-1.995987106e-16
50,360,-1.564809202,-1.868323675e-16
50,360,-1.545249087,1.243384739e-16
50,360,-1.525688972,-2.307050999e-16
50,360,-1.506128857,2.793481158e-16
50,360,-1.486568742,-5.981245875e-18
50,360,-1.467008627,-5.212916537e-17
50,360,-1.447448512,-4.564289692e-16
50,360,-1.427888397,6.565698502e-17
50,360,-1.408328282,-2.565376559e-16
50,360,-1.388768167,-2.669970682e-16
50,360,-1.369208052,5.929112414e-17
50,360,-1.349647937,-1.018685917e-16
50,360,-1.330087822,1.679398818e-17
50,360,-1.310527707,1.26723969e-16
50,360,-1.290967592,1.092904552e-15
50,360,-1.271407477,7.267752565e-15
50,360,-1.251847362,3.833055102e-14
50,360,-1.232287247,1.874526754e-13
50,360,-1.212727132,8.485514805e-13
50,360,-1.193167017,3.5819468e-12
50,360,-1.173606902,1.414431033e-11
50,360,-1.154046787,5.242082949e-11
50,360,-1.134486672,1.829013165e-10
50,360,-1.114926557,6.025247951e-10
50,360,-1.095366442,1.879145774e-09
50,360,-1.075806326,5.562753415e-09
50,360,-1.056246211,1.566809289e-08
50,360,-1.036686096,4.208573907e-08
50,360,-1.017125981,1.080408217e-07
50,360,-0.9975658664,2.656233043e-07
50,360,-0.9780057514,6.266342214e-07
50,360,-0.9584456363,1.421123852e-06
50,360,-0.9388855213,3.103692221e-06
50,360,-0.9193254063,6.53844676e-06
50,360,-0.8997652912,1.330772297e-05
50,360,-0.8802051762,2.620691815e-05
50,360,-0.8606450612,5.000677646e-05
50,360,-0.8410849462,9.258269941e-05
50,360,-0.8215248311,0.0001665243225
50,360,-0.8019647161,0.0002913427216
50,360,-0.7824046011,0.0004963815616
50,360,-0.7628444861,0.0008245068651
50,360,-0.743284371,0.001336593819
50,360,-0.723724256,0.002116746756
50,360,-0.704164141,0.003278082481
50,360,-0.6846040259,0.004968784326
50,360,-0.6650439109,0.00737800595
50,360,-0.6454837959,0.01074108512
50,360,-0.6259236809,0.01534343557
50,360,-0.6063635658,0.02152243679
50,360,-0.5868034508,0.02966665184
50,360,-0.5672433358,0.04021178124
50,360,-0.5476832208,0.05363290936
50,360,-0.5281231057,0.07043281337
50,360,-0.5085629907,0.09112636856
50,360,-0.4890028757,0.1162213797
50,360,-0.4694427607,0.1461964673
50,360,-0.4498826456,0.181476917
50,360,-0.4303225306,0.2224096279
50,360,-0.4107624156,0.2692384548
50,360,-0.3912023005,0.3220813109
50,360,-0.3716421855,0.3809103724
50,360,-0.3520820705,0.4455366093
50,360,-0.3325219555,0.5155996633
50,360,-0.3129618404,0.5905638201
50,360,-0.2934017254,0.6697205081
50,360,-0.2738416104,0.7521974068
50,360,-0.2542814954,0.8369739157
50,360,-0.2347213803,0.9229024173
50,360,-0.2151612653,1.008734503
50,360,-0.1956011503,1.093151122
50,360,-0.1760410352,1.174795496
50,360,-0.1564809202,1.252307542
50,360,-0.1369208052,1.324358619
50,360,-0.1173606902,1.389685409
50,360,-0.09780057514,1.447121926
50,360,-0.07824046011,1.495628752
50,360,-0.05868034508,1.534318779
50,360,-0.03912023005,1.562478905
50,360,-0.01956011503,1.579587256
50,360,0.0,1.585325671
50,360,0.01956011503,1.579587256
50,360,0.03912023005,1.562478905
50,360,0.05868034508,1.534318779
50,360,0.07824046011,1.495628752
50,360,0.09780057514,1.447121926
50,360,0.1173606902,1.389685409
50,360,0.1369208052,1.324358619
50,360,0.1564809202,1.252307542
50,360,0.1760410352,1.174795496
50,360,0.1956011503,1.093151122
50,360,0.2151612653,1.008734503
50,360,0.2347213803,0.9229024173
50,360,0.2542814954,0.8369739157
50,360,0.2738416104,0.7521974068
50,360,0.2934017254,0.6697205081
50,360,0.3129618404,0.5905638201
50,360,0.3325219555,0.5155996633
50,360,0.3520820705,0.4455366093
50,360,0.3716421855,0.3809103724
50,360,0.3912023005,0.3220813109
50,360,0.4107624156,0.2692384548
50,360,0.4303225306,0.2224096279
50,360,0.4498826456,0.181476917
50,360,0.4694427607,0.1461964673
50,360,0.4890028757,0.1162213797
50,360,0.5085629907,0.09112636856
50,360,0.5281231057,0.07043281337
50,360,0.5476832208,0.05363290936
50,360,0.5672433358,0.04021178124
50,360,0.5868034508,0.02966665184
50,360,0.6063635658,0.02152243679
50,360,0.6259236809,0.01534343557
50,360,0.6454837959,0.01074108512
50,360,0.6650439109,0.00737800595
50,360,0.6846040259,0.004968784326
50,360,0.704164141,0.003278082481
50,360,0.723724256,0.002116746756
50,360,0.743284371,0.001336593819
50,360,0.7628444861,0.0008245068651
50,360,0.7824046011,0.0004963815616
50,360,0.8019647161,0.0002913427216
50,360,0.8215248311,0.0001665243225
50,360,0.8410849462,9.258269941e-05
50,360,0.8606450612,5.000677646e-05
50,360,0.8802051762,2.620691815e-05
50,360,0.8997652912,1.330772297e-05
50,360,0.9193254063,6.53844676e-06
50,360,0.9388855213,3.103692221e-06
50,360,0.9584456363,1.421123852e-06
50,360,0.9780057514,6.266342216e-07
50,360,0.9975658664,2.656233041e-07
50,360,1.017125981,1.080408214e-07
50,360,1.036686096,4.208573912e-08
50,360,1.056246211,1.566809298e-08
50,360,1.075806326,5.56275318e-09
50,360,1.095366442,1.879145457e-09
50,360,1.114926557,6.025246627e-10
50,360,1.134486672,1.829013945e-10
50,360,1.154046787,5.242086272e-11
50,360,1.173606902,1.414440068e-11
50,360,1.193167017,3.5819468e-12
50,360,1.212727132,8.484642294e-13
50,360,1.232287247,1.874526754e-13
50,360,1.251847362,3.850532638e-14
50,360,1.271407477,7.267752565e-15
50,360,1.290967592,1.219920093e-15
50,360,1.310527707,1.26723969e-16
50,360,1.330087822,-5.364217704e-17
50,360,1.349647937,-1.018685917e-16
50,360,1.369208052,-5.27100822e-17
50,360,1.388768167,-2.669970682e-16
50,360,1.408328282,-2.720715876e-16
50,360,1.427888397,6.565698502e-17
50,360,1.447448512,-3.638842235e-16
50,360,1.467008627,-5.212916537e-17
50,360,1.486568742,7.168921343e-17
50,360,1.506128857,2.793481158e-16
50,360,1.525688972,-8.307820943e-17
50,360,1.545249087,1.243384739e-16
50,360,1.564809202,-1.222616901e-16
50,360,1.584369317,-4.029684035e-16
50,360,1.603929432,-2.592967511e-16
50,360,1.623489547,6.669314257e-17
50,360,1.643049662,-2.463338894e-17
50,360,1.662609777,1.974440682e-16
50,360,1.682169892,-2.978137333e-16
50,360,1.701730007,-3.03881989e-16
50,360,1.721290122,-3.606534583e-16
50,360,1.740850237,1.202876714e-16
50,360,1.760410352,-6.925635301e-17
50,360,1.779970467,-3.31782071e-17
50,360,1.799530582,-4.39453231e-19
50,360,1.819090698,-2.194692669e-16
50,360,1.838650813,-2.231610753e-17
50,360,1.858210928,-1.284994792e-16
50,360,1.877771043,6.440147496e-17
50,360,1.897331158,-1.767727367e-16
50,360,1.916891273,4.053009213e-17
50,360,1.936451388,-8.487193616e-17
50,360,1.956011503,-3.440709031e-17
