# QW(phi_delta, phi_delta)/||phi_delta||^2 split by term, floating point (autocorrelation on a grid);
# certified check points from lane A2 (entry(1, delta)) at delta = 0.02, 0.05, 0.1, 0.15, 0.2
delta,pole,archimedean,prime,total
0.02,0.05924994266,1.949161267,np.float64(0.0),2.00841121
0.025,0.07406308703,1.724169472,np.float64(0.0),1.798232559
0.03,0.08887667054,1.540000432,np.float64(0.0),1.628877103
0.035,0.103690781,1.384003041,np.float64(0.0),1.487693822
0.04,0.1185055064,1.24862572,np.float64(0.0),1.367131227
0.045,0.1333209343,1.128997549,np.float64(0.0),1.262318484
0.05,0.1481371528,1.021792703,np.float64(0.0),1.169929856
0.055,0.1629542497,0.924639008,np.float64(0.0),1.087593258
0.06,0.1777723129,0.835784942,np.float64(0.0),1.013557255
0.065,0.1925914301,0.7539003826,np.float64(0.0),0.9464918127
0.07,0.2074116894,0.6779514067,np.float64(0.0),0.8853630961
0.075,0.2222331786,0.6071183905,np.float64(0.0),0.8293515691
0.08,0.2370559855,0.5407405945,np.float64(0.0),0.7777965801
0.085,0.2518801982,0.4782775786,np.float64(0.0),0.7301577768
0.09,0.2667059046,0.4192816622,np.float64(0.0),0.6859875668
0.095,0.2815331925,0.3633778408,np.float64(0.0),0.6449110333
0.1,0.2963621499,0.3102488596,np.float64(0.0),0.6066110095
0.105,0.3111928649,0.2596239326,np.float64(0.0),0.5708167975
0.11,0.3260254253,0.2112700891,np.float64(0.0),0.5372955144
0.115,0.3408599192,0.1649854443,np.float64(0.0),0.5058453636
0.12,0.3556964347,0.1205939042,np.float64(0.0),0.4762903388
0.125,0.3705350596,0.07794095112,np.float64(0.0),0.4484760107
0.13,0.3853758821,0.03689025743,np.float64(0.0),0.4222661395
0.135,0.4002189903,-0.002679062372,np.float64(0.0),0.3975399279
0.14,0.4150644721,-0.04087469893,np.float64(0.0),0.3741897732
0.145,0.4299124159,-0.07779300098,np.float64(0.0),0.3521194149
0.15,0.4447629095,-0.1135205141,np.float64(0.0),0.3312423955
0.155,0.4596160413,-0.1481352668,np.float64(0.0),0.3114807745
0.16,0.4744718994,-0.1817078528,np.float64(0.0),0.2927640465
0.165,0.4893305719,-0.2143023464,np.float64(0.0),0.2750282254
0.17,0.5041921471,-0.2459770811,np.float64(0.0),0.258215066
0.175,0.5190567133,-0.2767853155,np.float64(0.0),0.2422713977
0.18,0.5339243586,-0.3067758054,np.float64(0.0),0.2271485532
0.185,0.5487951714,-0.3359932973,np.float64(0.0),0.2128018741
0.19,0.5636692401,-0.3644789564,np.float64(0.0),0.1991902836
0.195,0.5785466529,-0.3922707386,np.float64(0.0),0.1862759142
0.2,0.5934274982,-0.4194037157,np.float64(0.0),0.1740237825
0.205,0.6083118645,-0.4459103602,np.float64(0.0),0.1624015043
0.21,0.6231998401,-0.4718207959,np.float64(0.0),0.1513790442
0.215,0.6380915136,-0.4971630194,np.float64(0.0),0.1409284942
0.22,0.6529869734,-0.5219630952,np.float64(0.0),0.1310238782
0.225,0.667886308,-0.5462453297,np.float64(0.0),0.1216409783
0.23,0.6827896061,-0.5700324258,np.float64(0.0),0.1127571803
0.235,0.6976969562,-0.5933456207,np.float64(0.0),0.1043513355
0.24,0.7126084469,-0.6162048097,np.float64(0.0),0.09640363725
0.245,0.727524167,-0.6386286564,np.float64(0.0),0.08889551057
0.25,0.742444205,-0.6606346927,np.float64(0.0),0.08180951229
0.255,0.7573686498,-0.6822394082,np.float64(0.0),0.07512924155
0.26,0.77229759,-0.7034583313,np.float64(0.0),0.06883925875
0.265,0.7872311146,-0.7243061023,np.float64(0.0),0.06292501235
0.27,0.8021693124,-0.7447965399,np.float64(0.0),0.05737277244
0.275,0.8171122722,-0.7649427018,np.float64(0.0),0.05216957043
0.28,0.832060083,-0.7847569388,np.float64(0.0),0.04730314419
0.285,0.8470128337,-0.8042509457,np.float64(0.0),0.04276188803
0.29,0.8619706134,-0.8234358065,np.float64(0.0),0.03853480699
0.295,0.8769335112,-0.842322036,np.float64(0.0),0.03461147512
0.3,0.891901616,-0.8609196188,np.float64(0.0),0.03098199722
0.305,0.9068750171,-0.8792380434,np.float64(0.0),0.02763697374
0.31,0.9218538036,-0.8972863351,np.float64(0.0),0.0245674685
0.315,0.9368380648,-0.9150730857,np.float64(0.0),0.02176497911
0.32,0.95182789,-0.9326064804,np.float64(0.0),0.01922140958
0.325,0.9668233684,-0.9498943232,np.float64(0.0),0.01692904515
0.33,0.9818245895,-0.9669440605,np.float64(0.0),0.01488052899
0.335,0.9968316426,-0.9837628019,np.float64(0.0),0.01306884067
0.34,1.011844617,-1.000357341,np.float64(0.0),0.01148727624
0.345,1.026863603,-1.016734173,np.float64(0.0),0.01012942973
0.35,1.041888689,-1.032899513,-4.041380009e-47,0.008989176028
0.355,1.056919966,-1.048859311,-1.4324981e-20,0.008060654902
0.36,1.071957522,-1.064619266,-1.248026234e-13,0.00733825622
0.365,1.087001448,-1.080184842,-2.136548684e-10,0.006816605922
0.37,1.102051834,-1.09556128,-1.642806423e-08,0.006490537804
0.375,1.117108769,-1.110753607,-2.871351641e-07,0.006354874389
0.38,1.132172343,-1.125766653,-2.199628657e-06,0.006403489635
0.385,1.147242646,-1.140605057,-1.014051717e-05,0.006627447943
0.39,1.162319768,-1.155273278,-3.341950525e-05,0.007013070595
0.395,1.177403799,-1.169775603,-8.717297978e-05,0.007541022985
0.4,1.19249483,-1.18411616,-0.0001918879465,0.008186782102
0.405,1.20759295,-1.198298919,-0.0003719025082,0.008922127983
0.41,1.22269825,-1.212327708,-0.0006534863681,0.009717055651
0.415,1.237810819,-1.226206211,-0.001062954661,0.01054165418
0.42,1.252930749,-1.239937982,-0.001625154797,0.01136761315
0.425,1.26805813,-1.253526447,-0.002362335261,0.01216934761
0.43,1.283193052,-1.266974915,-0.003293492343,0.01292464537
0.435,1.298335606,-1.280286575,-0.004434039286,0.01361499233
0.44,1.313485883,-1.293464509,-0.005795743489,0.01422562998
0.445,1.328643972,-1.306511695,-0.007386876572,0.0147454004
0.45,1.343809966,-1.31943101,-0.009212470025,0.01516648593
0.455,1.358983954,-1.332225234,-0.01127465173,0.01548406821
0.46,1.374166027,-1.344897057,-0.01357299577,0.01569597419
0.465,1.389356277,-1.357449083,-0.01610489836,0.01580229624
0.47,1.404554795,-1.369883828,-0.01886591638,0.01580504991
0.475,1.419761671,-1.382203733,-0.0218501153,0.01570782241
0.48,1.434976997,-1.394411158,-0.02505035161,0.01551548684
0.485,1.450200864,-1.406508392,-0.02845851763,0.01523395419
0.49,1.465433363,-1.418497651,-0.03206580642,0.01486990542
0.495,1.480674586,-1.430381085,-0.03586289226,0.01443060809
0.5,1.495924623,-1.442160779,-0.03984011309,0.01392373122
0.505,1.511183568,-1.453838755,-0.04398760101,0.01335721217
0.51,1.526451511,-1.465416974,-0.04829540599,0.0127391305
0.515,1.541728543,-1.476897342,-0.05275359784,0.01207760362
0.52,1.557014758,-1.488281707,-0.0573523492,0.01138070162
0.525,1.572310245,-1.499571865,-0.0620820121,0.01065636856
0.53,1.587615099,-1.51076956,-0.06693314414,0.009912394231
0.535,1.602929409,-1.521876488,-0.07189655886,0.009156361951
0.54,1.618253269,-1.532894297,-0.07696336872,0.008395603665
0.545,1.63358677,-1.543824587,-0.08212499763,0.007637185694
0.55,1.648930006,-1.554668918,-0.08737319448,0.006887893546
0.555,1.664283067,-1.565428804,-0.09270006918,0.006154194261
0.56,1.679646047,-1.57610572,-0.09809803069,0.005442296847
0.565,1.695019038,-1.5867011,-0.1035598872,0.004758050661
0.57,1.710402133,-1.597216342,-0.1090787448,0.004107045372
0.575,1.725795423,-1.607652806,-0.1146480735,0.003494543537
0.58,1.741199003,-1.618011816,-0.1202616807,0.002925505944
0.585,1.756612964,-1.628294663,-0.1259136875,0.002404614012
0.59,1.7720374,-1.638502603,-0.1315985914,0.001936205977
0.595,1.787472404,-1.648636862,-0.137311358,0.001524183942
0.6,1.802918069,-1.658698635,-0.1430476164,0.0011718176
0.605,1.818374487,-1.668689085,-0.1488039461,0.000881456277
0.61,1.833841753,-1.678609348,-0.1545780969,0.0006543078481
0.615,1.849319959,-1.688460532,-0.1603692363,0.000490190628
0.62,1.864809199,-1.698243717,-0.1661779931,0.0003874887289
0.625,1.880309567,-1.707959958,-0.1720064476,0.0003431610788
0.63,1.895821155,-1.717610283,-0.1778579444,0.0003529276954
0.635,1.911344059,-1.727195698,-0.1837369134,0.0004114478063
0.64,1.926878372,-1.736717183,-0.1896485672,0.0005126221293
0.645,1.942424187,-1.746175695,-0.1955986809,0.0006498116669
0.65,1.957981599,-1.75557217,-0.2015932916,0.0008161379343
0.655,1.973550702,-1.764907521,-0.2076384775,0.001004703222
0.66,1.98913159,-1.774182642,-0.2137401987,0.001208748741
0.665,2.004724357,-1.783398405,-0.2199040663,0.001421885324
0.67,2.020329098,-1.792555663,-0.226135263,0.001638171936
0.675,2.035945908,-1.801655249,-0.2324384655,0.001852192821
0.68,2.05157488,-1.810697979,-0.2388177372,0.002059164059
0.685,2.06721611,-1.819684648,-0.2452765395,0.002254922156
0.69,2.082869693,-1.828616038,-0.2518176967,0.002435957852
0.695,2.098535723,-1.83749291,-0.2584434062,0.002599406432
0.7,2.114214295,-1.846316011,-0.265155259,0.002743025708
0.705,2.129905506,-1.85508607,-0.2719542541,0.002865181851
0.71,2.145609449,-1.863803801,-0.2788408382,0.002964809037
0.715,2.16132622,-1.872469905,-0.2858149577,0.003041356984
0.72,2.177055915,-1.881085066,-0.292876092,0.003094757052
0.725,2.19279863,-1.889649954,-0.3000232734,0.003125402268
0.73,2.208554459,-1.898165226,-0.3072551631,0.003134070872
0.735,2.2243235,-1.906631523,-0.3145700942,0.003121882562
0.74,2.240105847,-1.915049477,-0.3219660885,0.003090281835
0.745,2.255901597,-1.923419703,-0.3294409183,0.003040975609
0.75,2.271710846,-1.931742807,-0.3369921817,0.002975857392
0.755,2.28753369,-1.94001938,-0.3446173813,0.002896928555
0.76,2.303370226,-1.948250003,-0.3523139599,0.002806262255
0.765,2.319220549,-1.956435246,-0.3600794536,0.002705849915
0.77,2.335084758,-1.964575665,-0.3679114626,0.002597630073
0.775,2.350962948,-1.972671808,-0.3758078211,0.002483318409
0.78,2.366855216,-1.980724211,-0.3837665079,0.002364496543
0.785,2.382761659,-1.9887334,-0.391785765,0.002242493775
0.79,2.398682374,-1.996699891,-0.3998640676,0.002118415896
0.795,2.414617459,-2.004624189,-0.4080000317,0.0019932382
0.8,2.430567011,-2.012506792,-0.4161924985,0.001867720436
